-- phpMyAdmin SQL Dump
-- version 5.2.0
-- https://www.phpmyadmin.net/
--
-- Host: dev-bloodhound-database.cmf2pbueumiz.us-east-1.rds.amazonaws.com
-- Generation Time: Jan 12, 2023 at 06:27 AM
-- Server version: 8.0.28
-- PHP Version: 8.0.19

SET SQL_MODE = "NO_AUTO_VALUE_ON_ZERO";
START TRANSACTION;
SET time_zone = "+00:00";


/*!40101 SET @OLD_CHARACTER_SET_CLIENT=@@CHARACTER_SET_CLIENT */;
/*!40101 SET @OLD_CHARACTER_SET_RESULTS=@@CHARACTER_SET_RESULTS */;
/*!40101 SET @OLD_COLLATION_CONNECTION=@@COLLATION_CONNECTION */;
/*!40101 SET NAMES utf8mb4 */;

--
-- Database: `home_inspector`
--

-- --------------------------------------------------------

--
-- Table structure for table `answers`
--

CREATE TABLE `answers` (
  `id` int NOT NULL,
  `inspector_id` int UNSIGNED NOT NULL,
  `client_id` int NOT NULL,
  `question_id` int NOT NULL,
  `sub_cat_id` int NOT NULL,
  `cat_id` int NOT NULL,
  `answer` text,
  `status` int DEFAULT '1',
  `created_at` timestamp NULL DEFAULT NULL,
  `updated_at` timestamp NULL DEFAULT NULL
) ENGINE=InnoDB DEFAULT CHARSET=utf8mb4 COLLATE=utf8mb4_0900_ai_ci;

--
-- Dumping data for table `answers`
--

INSERT INTO `answers` (`id`, `inspector_id`, `client_id`, `question_id`, `sub_cat_id`, `cat_id`, `answer`, `status`, `created_at`, `updated_at`) VALUES
(1082, 16, 719, 1, 1, 1, NULL, 1, '2022-11-30 09:50:39', '2022-11-30 09:50:39'),
(1083, 16, 719, 1, 1, 1, NULL, 1, '2022-11-30 09:50:39', '2022-11-30 09:50:39'),
(1084, 16, 719, 2, 1, 1, NULL, 1, '2022-11-30 09:50:39', '2022-11-30 09:50:39'),
(1085, 16, 719, 2, 1, 1, NULL, 1, '2022-11-30 09:50:39', '2022-11-30 09:50:39'),
(1086, 16, 719, 3, 1, 1, NULL, 1, '2022-11-30 09:50:39', '2022-11-30 09:50:39'),
(1087, 16, 719, 4, 1, 1, NULL, 1, '2022-11-30 09:50:39', '2022-11-30 09:50:39'),
(1088, 16, 719, 5, 1, 1, NULL, 1, '2022-11-30 09:50:39', '2022-11-30 09:50:39'),
(1089, 16, 719, 6, 1, 1, NULL, 1, '2022-11-30 09:50:39', '2022-11-30 09:50:39'),
(1090, 16, 719, 7, 1, 1, NULL, 1, '2022-11-30 09:50:39', '2022-11-30 09:50:39'),
(1100, 17, 727, 1, 1, 1, 'This site is moderately sloped, This site is stair/stepped', 1, '2022-12-02 11:04:39', '2022-12-02 11:04:39'),
(1101, 17, 726, 1, 1, 1, 'ABC', 1, '2022-12-02 11:04:41', '2022-12-02 11:04:41'),
(1103, 17, 727, 2, 1, 1, NULL, 1, '2022-12-02 11:04:48', '2022-12-02 11:04:48'),
(1104, 17, 726, 2, 1, 1, NULL, 1, '2022-12-02 11:04:48', '2022-12-02 11:04:48'),
(1105, 17, 726, 3, 1, 1, NULL, 1, '2022-12-02 11:04:48', '2022-12-02 11:04:48'),
(1106, 17, 727, 3, 1, 1, NULL, 1, '2022-12-02 11:04:48', '2022-12-02 11:04:48'),
(1107, 17, 726, 4, 1, 1, NULL, 1, '2022-12-02 11:04:48', '2022-12-02 11:04:48'),
(1108, 17, 727, 4, 1, 1, NULL, 1, '2022-12-02 11:04:48', '2022-12-02 11:04:48'),
(1109, 17, 726, 5, 1, 1, NULL, 1, '2022-12-02 11:04:48', '2022-12-02 11:04:48'),
(1110, 17, 727, 5, 1, 1, NULL, 1, '2022-12-02 11:04:48', '2022-12-02 11:04:48'),
(1111, 17, 726, 6, 1, 1, NULL, 1, '2022-12-02 11:04:48', '2022-12-02 11:04:48'),
(1112, 17, 727, 6, 1, 1, NULL, 1, '2022-12-02 11:04:48', '2022-12-02 11:04:48'),
(1113, 17, 727, 7, 1, 1, NULL, 1, '2022-12-02 11:04:48', '2022-12-02 11:04:48'),
(1114, 17, 726, 7, 1, 1, NULL, 1, '2022-12-02 11:04:48', '2022-12-02 11:04:48'),
(1122, 17, 730, 1, 1, 1, 'James Tillapaugh', 1, '2022-12-02 11:21:13', '2022-12-02 11:21:13'),
(1123, 17, 730, 2, 1, 1, NULL, 1, '2022-12-02 11:21:13', '2022-12-02 11:21:13'),
(1124, 17, 731, 1, 1, 1, 'Vinny', 1, '2022-12-02 11:21:53', '2022-12-02 11:21:53'),
(1125, 17, 730, 3, 1, 1, NULL, 1, '2022-12-02 11:21:53', '2022-12-02 11:21:53'),
(1126, 17, 730, 4, 1, 1, NULL, 1, '2022-12-02 11:21:53', '2022-12-02 11:21:53'),
(1127, 17, 730, 5, 1, 1, NULL, 1, '2022-12-02 11:21:53', '2022-12-02 11:21:53'),
(1128, 17, 730, 6, 1, 1, NULL, 1, '2022-12-02 11:21:53', '2022-12-02 11:21:53'),
(1129, 17, 730, 7, 1, 1, NULL, 1, '2022-12-02 11:21:53', '2022-12-02 11:21:53'),
(1244, 17, 732, 43, 12, 5, NULL, 1, '2022-12-02 14:12:41', '2022-12-02 14:12:41'),
(1245, 17, 732, 44, 12, 5, NULL, 1, '2022-12-02 14:12:41', '2022-12-02 14:12:41'),
(1246, 17, 732, 45, 12, 5, NULL, 1, '2022-12-02 14:12:41', '2022-12-02 14:12:41'),
(1247, 17, 732, 46, 12, 5, NULL, 1, '2022-12-02 14:12:41', '2022-12-02 14:12:41'),
(1248, 17, 732, 47, 12, 5, NULL, 1, '2022-12-02 14:12:41', '2022-12-02 14:12:41'),
(1249, 17, 732, 48, 12, 5, NULL, 1, '2022-12-02 14:12:41', '2022-12-02 14:12:41'),
(1250, 17, 732, 49, 12, 5, NULL, 1, '2022-12-02 14:12:41', '2022-12-02 14:12:41'),
(1254, 17, 732, 29, 9, 3, NULL, 1, '2022-12-02 14:13:01', '2022-12-02 14:13:01'),
(1255, 17, 732, 30, 9, 3, NULL, 1, '2022-12-02 14:13:01', '2022-12-02 14:13:01'),
(1256, 17, 732, 31, 9, 3, NULL, 1, '2022-12-02 14:13:01', '2022-12-02 14:13:01'),
(1257, 17, 732, 22, 7, 3, NULL, 1, '2022-12-02 14:25:18', '2022-12-02 14:25:18'),
(1258, 17, 732, 23, 7, 3, NULL, 1, '2022-12-02 14:25:18', '2022-12-02 14:25:18'),
(1259, 17, 732, 24, 7, 3, NULL, 1, '2022-12-02 14:25:18', '2022-12-02 14:25:18'),
(1260, 17, 732, 25, 7, 3, NULL, 1, '2022-12-02 14:25:18', '2022-12-02 14:25:18'),
(1265, 17, 732, 26, 8, 3, NULL, 1, '2022-12-02 14:25:28', '2022-12-02 14:25:28'),
(1267, 17, 732, 27, 8, 3, NULL, 1, '2022-12-02 14:25:28', '2022-12-02 14:25:28'),
(1269, 17, 732, 28, 8, 3, NULL, 1, '2022-12-02 14:25:28', '2022-12-02 14:25:28'),
(1275, 17, 732, 20, 6, 2, NULL, 1, '2022-12-02 14:26:16', '2022-12-02 14:26:16'),
(1277, 17, 732, 21, 6, 2, NULL, 1, '2022-12-02 14:26:16', '2022-12-02 14:26:16'),
(1280, 17, 732, 18, 5, 2, NULL, 1, '2022-12-02 14:26:21', '2022-12-02 14:26:21'),
(1282, 17, 732, 19, 5, 2, NULL, 1, '2022-12-02 14:26:21', '2022-12-02 14:26:21'),
(1302, 17, 732, 11, 3, 2, NULL, 1, '2022-12-02 14:26:35', '2022-12-02 14:26:35'),
(1303, 17, 732, 12, 3, 2, NULL, 1, '2022-12-02 14:26:35', '2022-12-02 14:26:35'),
(1304, 17, 732, 13, 3, 2, NULL, 1, '2022-12-02 14:26:35', '2022-12-02 14:26:35'),
(1305, 17, 732, 14, 3, 2, NULL, 1, '2022-12-02 14:26:35', '2022-12-02 14:26:35'),
(1306, 17, 732, 15, 3, 2, NULL, 1, '2022-12-02 14:26:35', '2022-12-02 14:26:35'),
(1307, 17, 732, 16, 3, 2, NULL, 1, '2022-12-02 14:26:35', '2022-12-02 14:26:35'),
(1315, 17, 732, 8, 2, 1, NULL, 1, '2022-12-02 14:26:46', '2022-12-02 14:26:46'),
(1317, 17, 732, 9, 2, 1, NULL, 1, '2022-12-02 14:26:46', '2022-12-02 14:26:46'),
(1319, 17, 732, 10, 2, 1, NULL, 1, '2022-12-02 14:26:46', '2022-12-02 14:26:46'),
(1326, 17, 731, 2, 1, 1, NULL, 1, '2022-12-02 16:38:19', '2022-12-02 16:38:19'),
(1327, 17, 731, 3, 1, 1, NULL, 1, '2022-12-02 16:38:19', '2022-12-02 16:38:19'),
(1328, 17, 731, 4, 1, 1, NULL, 1, '2022-12-02 16:38:19', '2022-12-02 16:38:19'),
(1329, 17, 731, 5, 1, 1, NULL, 1, '2022-12-02 16:38:19', '2022-12-02 16:38:19'),
(1330, 17, 731, 6, 1, 1, NULL, 1, '2022-12-02 16:38:19', '2022-12-02 16:38:19'),
(1331, 17, 731, 7, 1, 1, NULL, 1, '2022-12-02 16:38:19', '2022-12-02 16:38:19'),
(1366, 17, 730, 50, 13, 6, NULL, 1, '2022-12-02 16:40:49', '2022-12-02 16:40:49'),
(1367, 17, 730, 51, 13, 6, NULL, 1, '2022-12-02 16:40:49', '2022-12-02 16:40:49'),
(1368, 17, 730, 52, 13, 6, NULL, 1, '2022-12-02 16:40:49', '2022-12-02 16:40:49'),
(1369, 17, 730, 53, 13, 6, NULL, 1, '2022-12-02 16:40:49', '2022-12-02 16:40:49'),
(1370, 17, 730, 54, 13, 6, NULL, 1, '2022-12-02 16:40:49', '2022-12-02 16:40:49'),
(1371, 17, 730, 55, 13, 6, NULL, 1, '2022-12-02 16:40:49', '2022-12-02 16:40:49'),
(1372, 17, 730, 56, 13, 6, NULL, 1, '2022-12-02 16:40:49', '2022-12-02 16:40:49'),
(1373, 17, 730, 57, 13, 6, NULL, 1, '2022-12-02 16:40:49', '2022-12-02 16:40:49'),
(1374, 17, 730, 58, 13, 6, NULL, 1, '2022-12-02 16:40:49', '2022-12-02 16:40:49'),
(1376, 17, 730, 18, 5, 2, 'Strip-panel glazing', 1, '2022-12-02 17:01:29', '2022-12-02 17:01:29'),
(1377, 17, 730, 18, 5, 2, NULL, 1, '2022-12-02 17:01:29', '2022-12-02 17:01:29'),
(1378, 17, 730, 19, 5, 2, 'See remarks', 1, '2022-12-02 17:01:29', '2022-12-02 17:01:29'),
(1379, 17, 730, 19, 5, 2, NULL, 1, '2022-12-02 17:01:29', '2022-12-02 17:01:29'),
(1384, 17, 730, 59, 14, 6, NULL, 1, '2022-12-02 17:03:22', '2022-12-02 17:03:22'),
(1386, 17, 730, 59, 14, 6, NULL, 1, '2022-12-02 17:03:22', '2022-12-02 17:03:22'),
(1387, 17, 730, 60, 14, 6, NULL, 1, '2022-12-02 17:03:22', '2022-12-02 17:03:22'),
(1389, 17, 730, 60, 14, 6, NULL, 1, '2022-12-02 17:03:22', '2022-12-02 17:03:22'),
(1390, 17, 730, 61, 14, 6, NULL, 1, '2022-12-02 17:03:22', '2022-12-02 17:03:22'),
(1392, 17, 730, 62, 14, 6, NULL, 1, '2022-12-02 17:03:22', '2022-12-02 17:03:22'),
(1950, 16, 923, 1, 1, 1, 'This site is slightly sloped', 1, '2022-12-29 05:03:01', '2022-12-29 05:03:01'),
(1952, 16, 923, 2, 1, 1, NULL, 1, '2022-12-29 05:04:41', '2022-12-29 05:04:41'),
(1953, 16, 923, 3, 1, 1, NULL, 1, '2022-12-29 05:04:41', '2022-12-29 05:04:41'),
(1954, 16, 923, 4, 1, 1, NULL, 1, '2022-12-29 05:04:41', '2022-12-29 05:04:41'),
(1955, 16, 923, 5, 1, 1, NULL, 1, '2022-12-29 05:04:41', '2022-12-29 05:04:41'),
(1956, 16, 923, 6, 1, 1, NULL, 1, '2022-12-29 05:04:41', '2022-12-29 05:04:41'),
(1957, 16, 923, 7, 1, 1, NULL, 1, '2022-12-29 05:04:41', '2022-12-29 05:04:41'),
(1958, 16, 923, 8, 2, 1, NULL, 1, '2022-12-29 05:05:14', '2022-12-29 05:05:14'),
(1959, 16, 923, 9, 2, 1, NULL, 1, '2022-12-29 05:05:14', '2022-12-29 05:05:14'),
(1960, 16, 923, 10, 2, 1, NULL, 1, '2022-12-29 05:05:14', '2022-12-29 05:05:14'),
(1976, 16, 923, 11, 3, 2, NULL, 1, '2022-12-29 05:25:12', '2022-12-29 05:25:12'),
(1977, 16, 923, 12, 3, 2, NULL, 1, '2022-12-29 05:25:12', '2022-12-29 05:25:12'),
(1978, 16, 923, 13, 3, 2, NULL, 1, '2022-12-29 05:25:12', '2022-12-29 05:25:12'),
(1979, 16, 923, 14, 3, 2, NULL, 1, '2022-12-29 05:25:12', '2022-12-29 05:25:12'),
(1980, 16, 923, 15, 3, 2, NULL, 1, '2022-12-29 05:25:12', '2022-12-29 05:25:12'),
(1981, 16, 923, 16, 3, 2, NULL, 1, '2022-12-29 05:25:12', '2022-12-29 05:25:12'),
(1997, 18, 921, 1, 1, 1, 'This site is generally flat, This site is slightly sloped, This site is moderately sloped, This site is stair/stepped, This site grading is sloped/steep', 1, '2022-12-29 07:49:36', '2022-12-29 07:49:36'),
(1999, 18, 921, 2, 1, 1, 'Above grade discharge, Below grade discharge, Above and below grade discharge', 1, '2022-12-29 07:49:36', '2022-12-29 07:49:36'),
(2001, 18, 921, 3, 1, 1, NULL, 1, '2022-12-29 07:49:36', '2022-12-29 07:49:36'),
(2003, 18, 921, 4, 1, 1, NULL, 1, '2022-12-29 07:49:36', '2022-12-29 07:49:36'),
(2005, 18, 921, 5, 1, 1, NULL, 1, '2022-12-29 07:49:36', '2022-12-29 07:49:36'),
(2007, 18, 921, 6, 1, 1, NULL, 1, '2022-12-29 07:49:36', '2022-12-29 07:49:36'),
(2009, 18, 921, 7, 1, 1, NULL, 1, '2022-12-29 07:49:36', '2022-12-29 07:49:36'),
(2104, 11, 938, 1, 1, 1, 'This site is generally flat, This site is slightly sloped, This site is moderately sloped, This site is stair/stepped, This site grading is sloped/steep', 1, '2022-12-29 14:51:03', '2022-12-29 14:51:03'),
(2105, 11, 938, 2, 1, 1, 'Above grade discharge, Below grade discharge, Above and below grade discharge', 1, '2022-12-29 14:51:03', '2022-12-29 14:51:03'),
(2106, 11, 940, 1, 1, 1, 'This site is generally flat, This site is slightly sloped, This site grading is sloped/steep, This site is stair/stepped, This site is moderately sloped', 1, '2022-12-29 14:51:03', '2022-12-29 14:51:03'),
(2147, 11, 978, 1, 1, 1, 'This site is slightly sloped, This site is moderately sloped, This site grading is sloped/steep', 1, '2023-01-03 06:11:17', '2023-01-03 06:11:17'),
(2151, 11, 979, 1, 1, 1, 'This site is moderately sloped, This site is stair/stepped, This site is slightly sloped, This site is generally flat', 1, '2023-01-03 06:13:20', '2023-01-03 06:13:20'),
(2152, 11, 980, 1, 1, 1, 'This site is generally flat, This site is slightly sloped, This site is moderately sloped, This site is stair/stepped, This site grading is sloped/steep', 1, '2023-01-03 06:13:20', '2023-01-03 06:13:20'),
(2153, 11, 981, 1, 1, 1, 'This site is slightly sloped, This site grading is sloped/steep, This site is stair/stepped, This site is moderately sloped', 1, '2023-01-03 06:13:20', '2023-01-03 06:13:20'),
(2156, 11, 983, 1, 1, 1, 'This site is slightly sloped, This site is moderately sloped, This site is stair/stepped', 1, '2023-01-03 06:14:14', '2023-01-03 06:14:14'),
(2157, 11, 982, 1, 1, 1, 'This site is slightly sloped, This site is stair/stepped, This site grading is sloped/steep', 1, '2023-01-03 06:14:14', '2023-01-03 06:14:14'),
(2174, 11, 995, 1, 1, 1, 'This site is slightly sloped, This site is moderately sloped, This site grading is sloped/steep, This site is stair/stepped, This site is generally flat', 1, '2023-01-03 06:39:47', '2023-01-03 06:39:47'),
(2175, 11, 994, 1, 1, 1, 'This site is generally flat, This site is slightly sloped, This site is moderately sloped, This site is stair/stepped, This site grading is sloped/steep', 1, '2023-01-03 06:39:47', '2023-01-03 06:39:47'),
(2176, 11, 995, 2, 1, 1, NULL, 1, '2023-01-03 06:39:57', '2023-01-03 06:39:57'),
(2177, 11, 995, 3, 1, 1, NULL, 1, '2023-01-03 06:39:57', '2023-01-03 06:39:57'),
(2178, 11, 995, 4, 1, 1, NULL, 1, '2023-01-03 06:39:57', '2023-01-03 06:39:57'),
(2179, 11, 995, 5, 1, 1, NULL, 1, '2023-01-03 06:39:57', '2023-01-03 06:39:57'),
(2180, 11, 995, 6, 1, 1, NULL, 1, '2023-01-03 06:39:57', '2023-01-03 06:39:57'),
(2181, 11, 995, 7, 1, 1, NULL, 1, '2023-01-03 06:39:57', '2023-01-03 06:39:57'),
(2188, 11, 1004, 1, 1, 1, 'This site is slightly sloped, This site is moderately sloped, This site grading is sloped/steep, This site is generally flat', 1, '2023-01-03 06:52:01', '2023-01-03 06:52:01'),
(2189, 11, 1003, 1, 1, 1, 'This site is generally flat, This site is slightly sloped, This site is moderately sloped, This site is stair/stepped, This site grading is sloped/steep', 1, '2023-01-03 06:52:01', '2023-01-03 06:52:01'),
(2215, 11, 1014, 1, 1, 1, 'This site is generally flat, This site is slightly sloped, This site is moderately sloped, This site is stair/stepped, This site grading is sloped/steep', 1, '2023-01-03 07:35:24', '2023-01-03 07:35:24'),
(2273, 11, 1031, 1, 1, 1, 'This site is generally flat, This site is slightly sloped, This site is moderately sloped, This site is stair/stepped, This site grading is sloped/steep', 1, '2023-01-03 08:26:22', '2023-01-03 08:26:22'),
(2274, 11, 1031, 2, 1, 1, 'Above grade discharge, Below grade discharge, Above and below grade discharge', 1, '2023-01-03 08:26:22', '2023-01-03 08:26:22'),
(2275, 11, 1031, 3, 1, 1, 'Yes, mostly concealed, None visible, typical for the period, None visible, typical for slab-on-grade, Some damp-proofing visible, may not be complete, Foundation wall membrane noted, Not visible', 1, '2023-01-03 08:26:22', '2023-01-03 08:26:22'),
(2276, 11, 1031, 4, 1, 1, 'Below grade, concealed, not inspected, Typically, none for manufactured homes', 1, '2023-01-03 08:26:22', '2023-01-03 08:26:22'),
(2277, 11, 1031, 5, 1, 1, 'Concrete/clay, Corrugated plastic (big-O), ABS plastic, PVC plastic, None visible', 1, '2023-01-03 08:26:22', '2023-01-03 08:26:22'),
(2278, 11, 1031, 6, 1, 1, 'None visible, Subgrade parking area, Adjacent to water heating equipment, Water heater pan drain, Mechanical room, Crawlspace, Basement, Laundry area, NA', 1, '2023-01-03 08:26:22', '2023-01-03 08:26:22'),
(2279, 11, 1031, 7, 1, 1, 'No seepage visible on today\'s date, See remarks', 1, '2023-01-03 08:26:22', '2023-01-03 08:26:22'),
(2286, 18, 0, 1, 1, 1, 'This site is generally flat, This site is slightly sloped, This site is moderately sloped, This site is stair/stepped, This site grading is sloped/steep', 1, '2023-01-03 12:01:11', '2023-01-03 12:01:11'),
(2287, 18, 0, 2, 1, 1, 'Above grade discharge, Below grade discharge, Above and below grade discharge', 1, '2023-01-03 12:01:11', '2023-01-03 12:01:11'),
(2288, 18, 0, 3, 1, 1, 'None visible, typical for slab-on-grade, Some damp-proofing visible, may not be complete, Foundation wall membrane noted, Yes, mostly concealed, None visible, typical for the period', 1, '2023-01-03 12:01:11', '2023-01-03 12:01:11'),
(2289, 18, 0, 4, 1, 1, 'Below grade, concealed, not inspected, Typically, none for manufactured homes', 1, '2023-01-03 12:01:11', '2023-01-03 12:01:11'),
(2290, 18, 0, 5, 1, 1, 'Concrete/clay, Corrugated plastic (big-O), ABS plastic, PVC plastic, None visible', 1, '2023-01-03 12:01:11', '2023-01-03 12:01:11'),
(2291, 18, 0, 6, 1, 1, 'None visible, Subgrade parking area, Adjacent to water heating equipment, Water heater pan drain, Mechanical room, Crawlspace, Basement', 1, '2023-01-03 12:01:11', '2023-01-03 12:01:11'),
(2292, 18, 0, 7, 1, 1, NULL, 1, '2023-01-03 12:01:11', '2023-01-03 12:01:11'),
(2293, 18, 1068, 1, 1, 1, 'test', 1, '2023-01-03 12:06:55', '2023-01-03 12:06:55'),
(2294, 18, 1068, 2, 1, 1, NULL, 1, '2023-01-03 12:07:52', '2023-01-03 12:07:52'),
(2295, 18, 1068, 3, 1, 1, NULL, 1, '2023-01-03 12:07:52', '2023-01-03 12:07:52'),
(2296, 18, 1068, 4, 1, 1, NULL, 1, '2023-01-03 12:07:52', '2023-01-03 12:07:52'),
(2297, 18, 1068, 5, 1, 1, NULL, 1, '2023-01-03 12:07:52', '2023-01-03 12:07:52'),
(2298, 18, 1068, 6, 1, 1, NULL, 1, '2023-01-03 12:07:52', '2023-01-03 12:07:52'),
(2299, 18, 1068, 7, 1, 1, NULL, 1, '2023-01-03 12:07:52', '2023-01-03 12:07:52'),
(2319, 11, 1073, 1, 1, 1, NULL, 1, '2023-01-03 12:52:43', '2023-01-03 12:52:43'),
(2320, 11, 1073, 2, 1, 1, NULL, 1, '2023-01-03 12:52:43', '2023-01-03 12:52:43'),
(2321, 11, 1073, 3, 1, 1, NULL, 1, '2023-01-03 12:52:43', '2023-01-03 12:52:43'),
(2322, 11, 1073, 4, 1, 1, NULL, 1, '2023-01-03 12:52:43', '2023-01-03 12:52:43'),
(2323, 11, 1073, 5, 1, 1, NULL, 1, '2023-01-03 12:52:43', '2023-01-03 12:52:43'),
(2324, 11, 1073, 6, 1, 1, NULL, 1, '2023-01-03 12:52:43', '2023-01-03 12:52:43'),
(2325, 11, 1073, 7, 1, 1, NULL, 1, '2023-01-03 12:52:43', '2023-01-03 12:52:43'),
(2326, 11, 1072, 1, 1, 1, 'This site is generally flat, This site is slightly sloped, This site is moderately sloped, This site is stair/stepped, This site grading is sloped/steep', 1, '2023-01-03 12:52:43', '2023-01-03 12:52:43'),
(2327, 11, 1072, 2, 1, 1, 'Above grade discharge, Below grade discharge, Above and below grade discharge', 1, '2023-01-03 12:52:43', '2023-01-03 12:52:43'),
(2328, 11, 1072, 3, 1, 1, NULL, 1, '2023-01-03 12:52:43', '2023-01-03 12:52:43'),
(2329, 11, 1072, 4, 1, 1, NULL, 1, '2023-01-03 12:52:43', '2023-01-03 12:52:43'),
(2330, 11, 1072, 5, 1, 1, NULL, 1, '2023-01-03 12:52:43', '2023-01-03 12:52:43'),
(2331, 11, 1072, 6, 1, 1, NULL, 1, '2023-01-03 12:52:43', '2023-01-03 12:52:43'),
(2332, 11, 1072, 7, 1, 1, NULL, 1, '2023-01-03 12:52:43', '2023-01-03 12:52:43'),
(2334, 11, 1075, 1, 1, 1, 'This site is generally flat, This site is slightly sloped, This site is stair/stepped, This site grading is sloped/steep', 1, '2023-01-03 12:55:06', '2023-01-03 12:55:06'),
(2335, 11, 1074, 1, 1, 1, NULL, 1, '2023-01-03 12:55:13', '2023-01-03 12:55:13'),
(2336, 11, 1074, 2, 1, 1, NULL, 1, '2023-01-03 12:55:13', '2023-01-03 12:55:13'),
(2337, 11, 1074, 3, 1, 1, NULL, 1, '2023-01-03 12:55:13', '2023-01-03 12:55:13'),
(2338, 11, 1074, 4, 1, 1, NULL, 1, '2023-01-03 12:55:13', '2023-01-03 12:55:13'),
(2339, 11, 1074, 5, 1, 1, NULL, 1, '2023-01-03 12:55:13', '2023-01-03 12:55:13'),
(2340, 11, 1074, 6, 1, 1, NULL, 1, '2023-01-03 12:55:13', '2023-01-03 12:55:13'),
(2341, 11, 1074, 7, 1, 1, NULL, 1, '2023-01-03 12:55:13', '2023-01-03 12:55:13'),
(2362, 19, 1068, 1, 1, 1, 'test', 1, '2023-01-03 13:25:02', '2023-01-03 13:25:02'),
(2363, 19, 1068, 2, 1, 1, NULL, 1, '2023-01-03 13:25:02', '2023-01-03 13:25:02'),
(2364, 19, 1068, 3, 1, 1, NULL, 1, '2023-01-03 13:25:02', '2023-01-03 13:25:02'),
(2365, 19, 1068, 4, 1, 1, 'test', 1, '2023-01-03 13:25:02', '2023-01-03 13:25:02'),
(2366, 19, 1068, 5, 1, 1, NULL, 1, '2023-01-03 13:25:02', '2023-01-03 13:25:02'),
(2367, 19, 1068, 6, 1, 1, NULL, 1, '2023-01-03 13:25:02', '2023-01-03 13:25:02'),
(2368, 19, 1068, 7, 1, 1, NULL, 1, '2023-01-03 13:25:02', '2023-01-03 13:25:02'),
(2389, 11, 1102, 1, 1, 1, 'This site is generally flat, This site is moderately sloped, This site is stair/stepped', 1, '2023-01-03 13:45:00', '2023-01-03 13:45:00'),
(2390, 11, 1101, 2, 1, 1, 'Above grade discharge, Above and below grade discharge', 1, '2023-01-03 13:45:00', '2023-01-03 13:45:00'),
(2391, 11, 1102, 2, 1, 1, NULL, 1, '2023-01-03 13:45:00', '2023-01-03 13:45:00'),
(2392, 11, 1102, 3, 1, 1, NULL, 1, '2023-01-03 13:45:00', '2023-01-03 13:45:00'),
(2393, 11, 1102, 4, 1, 1, NULL, 1, '2023-01-03 13:45:00', '2023-01-03 13:45:00'),
(2394, 11, 1102, 5, 1, 1, NULL, 1, '2023-01-03 13:45:00', '2023-01-03 13:45:00'),
(2395, 11, 1102, 6, 1, 1, NULL, 1, '2023-01-03 13:45:00', '2023-01-03 13:45:00'),
(2396, 11, 1102, 7, 1, 1, NULL, 1, '2023-01-03 13:45:00', '2023-01-03 13:45:00'),
(2398, 11, 1103, 1, 1, 1, 'This site is moderately sloped, This site is generally flat', 1, '2023-01-03 13:46:02', '2023-01-03 13:46:02'),
(2411, 11, 1110, 1, 1, 1, 'This site is generally flat, This site is moderately sloped, This site is slightly sloped', 1, '2023-01-03 13:53:38', '2023-01-03 13:53:38'),
(2455, 11, 1132, 1, 1, 1, 'This site is generally flat, This site is moderately sloped, This site is stair/stepped', 1, '2023-01-03 15:14:04', '2023-01-03 15:14:04'),
(2456, 11, 1132, 2, 1, 1, 'Edsd Dfgdf', 1, '2023-01-03 15:14:04', '2023-01-03 15:14:04'),
(2474, 11, 1133, 1, 1, 1, 'Sdcsdvd', 1, '2023-01-03 15:18:28', '2023-01-03 15:18:28'),
(2475, 11, 1133, 2, 1, 1, 'Dfgdf', 1, '2023-01-03 15:18:28', '2023-01-03 15:18:28'),
(2476, 11, 1133, 4, 1, 1, 'Dfgdf', 1, '2023-01-03 15:18:28', '2023-01-03 15:18:28'),
(2477, 11, 1133, 5, 1, 1, 'Dfgdf', 1, '2023-01-03 15:18:28', '2023-01-03 15:18:28'),
(2478, 11, 1136, 1, 1, 1, 'This site is generally flat, This site is moderately sloped, This site is stair/stepped, This site grading is sloped/steep, This site is slightly sloped', 1, '2023-01-03 15:18:28', '2023-01-03 15:18:28'),
(2479, 11, 1133, 6, 1, 1, 'Fdgd', 1, '2023-01-03 15:18:28', '2023-01-03 15:18:28'),
(2480, 11, 1136, 2, 1, 1, 'Below grade discharge, Above grade discharge, Above and below grade discharge', 1, '2023-01-03 15:18:28', '2023-01-03 15:18:28'),
(2481, 11, 1133, 7, 1, 1, 'See remarks, No seepage visible on today\'s date', 1, '2023-01-03 15:18:28', '2023-01-03 15:18:28'),
(2482, 11, 1136, 4, 1, 1, 'Efsefsf', 1, '2023-01-03 15:18:28', '2023-01-03 15:18:28'),
(2483, 11, 1133, 3, 1, 1, NULL, 1, '2023-01-03 15:18:29', '2023-01-03 15:18:29'),
(2484, 11, 1134, 1, 1, 1, 'This site is stair/stepped, This site grading is sloped/steep, This site is moderately sloped, This site is generally flat, This site is slightly sloped', 1, '2023-01-03 15:18:29', '2023-01-03 15:18:29'),
(2485, 11, 1134, 2, 1, 1, 'Above grade discharge, Below grade discharge, Above and below grade discharge', 1, '2023-01-03 15:18:29', '2023-01-03 15:18:29'),
(2486, 11, 1134, 3, 1, 1, 'Yes, mostly concealed, None visible, typical for the period, None visible, typical for slab-on-grade, Some damp-proofing visible, may not be complete, Foundation wall membrane noted, Not visible, NA', 1, '2023-01-03 15:18:29', '2023-01-03 15:18:29'),
(2487, 11, 1134, 4, 1, 1, 'Below grade, concealed, not inspected, Typically, none for manufactured homes', 1, '2023-01-03 15:18:29', '2023-01-03 15:18:29'),
(2488, 11, 1134, 5, 1, 1, 'Concrete/clay, Corrugated plastic (big-O), ABS plastic, PVC plastic, None visible', 1, '2023-01-03 15:18:29', '2023-01-03 15:18:29'),
(2489, 11, 1134, 6, 1, 1, 'None visible, Subgrade parking area, Adjacent to water heating equipment, Water heater pan drain, Mechanical room, Crawlspace, Basement', 1, '2023-01-03 15:18:29', '2023-01-03 15:18:29'),
(2490, 11, 1134, 7, 1, 1, 'No seepage visible on today\'s date, See remarks', 1, '2023-01-03 15:18:29', '2023-01-03 15:18:29'),
(2493, 11, 1142, 1, 1, 1, 'This site is slightly sloped, This site is stair/stepped', 1, '2023-01-03 15:29:52', '2023-01-03 15:29:52'),
(2494, 11, 1141, 1, 1, 1, NULL, 1, '2023-01-03 15:31:05', '2023-01-03 15:31:05'),
(2495, 11, 1141, 2, 1, 1, NULL, 1, '2023-01-03 15:31:05', '2023-01-03 15:31:05'),
(2496, 11, 1141, 3, 1, 1, NULL, 1, '2023-01-03 15:31:05', '2023-01-03 15:31:05'),
(2497, 11, 1141, 4, 1, 1, NULL, 1, '2023-01-03 15:31:05', '2023-01-03 15:31:05'),
(2498, 11, 1141, 5, 1, 1, NULL, 1, '2023-01-03 15:31:05', '2023-01-03 15:31:05'),
(2499, 11, 1141, 6, 1, 1, NULL, 1, '2023-01-03 15:31:05', '2023-01-03 15:31:05'),
(2500, 11, 1141, 7, 1, 1, NULL, 1, '2023-01-03 15:31:05', '2023-01-03 15:31:05'),
(2503, 11, 1151, 1, 1, 1, 'This site is generally flat, This site is moderately sloped, This site is stair/stepped', 1, '2023-01-03 15:57:24', '2023-01-03 15:57:24'),
(2504, 11, 1151, 2, 1, 1, NULL, 1, '2023-01-03 15:57:59', '2023-01-03 15:57:59'),
(2505, 11, 1151, 3, 1, 1, NULL, 1, '2023-01-03 15:57:59', '2023-01-03 15:57:59'),
(2506, 11, 1151, 4, 1, 1, NULL, 1, '2023-01-03 15:57:59', '2023-01-03 15:57:59'),
(2507, 11, 1151, 5, 1, 1, NULL, 1, '2023-01-03 15:57:59', '2023-01-03 15:57:59'),
(2508, 11, 1151, 6, 1, 1, NULL, 1, '2023-01-03 15:57:59', '2023-01-03 15:57:59'),
(2509, 11, 1151, 7, 1, 1, NULL, 1, '2023-01-03 15:57:59', '2023-01-03 15:57:59'),
(2540, 11, 1163, 1, 1, 1, NULL, 1, '2023-01-03 16:18:09', '2023-01-03 16:18:09'),
(2541, 11, 1162, 1, 1, 1, 'This site is slightly sloped, This site is stair/stepped', 1, '2023-01-03 16:18:09', '2023-01-03 16:18:09'),
(2542, 11, 1163, 2, 1, 1, NULL, 1, '2023-01-03 16:18:09', '2023-01-03 16:18:09'),
(2543, 11, 1162, 2, 1, 1, NULL, 1, '2023-01-03 16:18:09', '2023-01-03 16:18:09'),
(2544, 11, 1163, 3, 1, 1, NULL, 1, '2023-01-03 16:18:09', '2023-01-03 16:18:09'),
(2545, 11, 1162, 3, 1, 1, NULL, 1, '2023-01-03 16:18:09', '2023-01-03 16:18:09'),
(2546, 11, 1163, 4, 1, 1, NULL, 1, '2023-01-03 16:18:09', '2023-01-03 16:18:09'),
(2547, 11, 1162, 4, 1, 1, NULL, 1, '2023-01-03 16:18:09', '2023-01-03 16:18:09'),
(2548, 11, 1163, 5, 1, 1, NULL, 1, '2023-01-03 16:18:09', '2023-01-03 16:18:09'),
(2549, 11, 1162, 5, 1, 1, NULL, 1, '2023-01-03 16:18:09', '2023-01-03 16:18:09'),
(2550, 11, 1163, 6, 1, 1, NULL, 1, '2023-01-03 16:18:09', '2023-01-03 16:18:09'),
(2551, 11, 1162, 6, 1, 1, NULL, 1, '2023-01-03 16:18:10', '2023-01-03 16:18:10'),
(2552, 11, 1163, 7, 1, 1, NULL, 1, '2023-01-03 16:18:10', '2023-01-03 16:18:10'),
(2553, 11, 1162, 7, 1, 1, NULL, 1, '2023-01-03 16:18:10', '2023-01-03 16:18:10'),
(2562, 11, 1170, 1, 1, 1, 'This site is slightly sloped, This site is stair/stepped', 1, '2023-01-03 16:37:19', '2023-01-03 16:37:19'),
(2570, 16, 1008, 1, 1, 1, 'testing', 1, '2023-01-04 05:21:19', '2023-01-04 05:21:19'),
(2571, 16, 1008, 2, 1, 1, 'abc', 1, '2023-01-04 05:21:19', '2023-01-04 05:21:19'),
(2572, 16, 1008, 3, 1, 1, 'new', 1, '2023-01-04 05:21:19', '2023-01-04 05:21:19'),
(2573, 16, 1008, 4, 1, 1, 'test', 1, '2023-01-04 05:21:19', '2023-01-04 05:21:19'),
(2574, 16, 1008, 5, 1, 1, 'test', 1, '2023-01-04 05:21:19', '2023-01-04 05:21:19'),
(2575, 16, 1008, 6, 1, 1, 'abc', 1, '2023-01-04 05:21:19', '2023-01-04 05:21:19'),
(2576, 16, 1008, 7, 1, 1, 'new', 1, '2023-01-04 05:21:19', '2023-01-04 05:21:19'),
(2577, 16, 1008, 11, 3, 2, NULL, 1, '2023-01-04 05:23:09', '2023-01-04 05:23:09'),
(2578, 16, 1008, 12, 3, 2, NULL, 1, '2023-01-04 05:23:09', '2023-01-04 05:23:09'),
(2579, 16, 1008, 13, 3, 2, NULL, 1, '2023-01-04 05:23:09', '2023-01-04 05:23:09'),
(2580, 16, 1008, 14, 3, 2, NULL, 1, '2023-01-04 05:23:09', '2023-01-04 05:23:09'),
(2581, 16, 1008, 15, 3, 2, NULL, 1, '2023-01-04 05:23:09', '2023-01-04 05:23:09'),
(2582, 16, 1008, 16, 3, 2, NULL, 1, '2023-01-04 05:23:09', '2023-01-04 05:23:09'),
(2583, 16, 1008, 8, 2, 1, NULL, 1, '2023-01-04 05:24:08', '2023-01-04 05:24:08'),
(2584, 16, 1008, 9, 2, 1, NULL, 1, '2023-01-04 05:24:08', '2023-01-04 05:24:08'),
(2585, 16, 1008, 10, 2, 1, NULL, 1, '2023-01-04 05:24:08', '2023-01-04 05:24:08'),
(2668, 11, 1214, 1, 1, 1, 'This site is generally flat, This site is moderately sloped', 1, '2023-01-04 06:35:39', '2023-01-04 06:35:39'),
(2669, 11, 1216, 1, 1, 1, 'This site grading is sloped/steep, This site is generally flat, This site is moderately sloped, This site is stair/stepped, This site is slightly sloped', 1, '2023-01-04 06:35:39', '2023-01-04 06:35:39'),
(2751, 11, 1291, 4, 1, 1, 'Dfgdf', 1, '2023-01-04 11:22:32', '2023-01-04 11:22:32'),
(2752, 11, 1290, 1, 1, 1, 'This site is moderately sloped, This site is slightly sloped', 1, '2023-01-04 11:22:32', '2023-01-04 11:22:32'),
(2756, 10, 1293, 1, 1, 1, 'This site is slightly sloped, This site is stair/stepped', 1, '2023-01-04 11:30:18', '2023-01-04 11:30:18'),
(2757, 10, 1294, 1, 1, 1, 'This site is stair/stepped, This site is slightly sloped', 1, '2023-01-04 11:30:18', '2023-01-04 11:30:18'),
(2765, 10, 1295, 1, 1, 1, 'This site is stair/stepped, This site grading is sloped/steep', 1, '2023-01-04 11:36:52', '2023-01-04 11:36:52'),
(2766, 10, 1295, 3, 1, 1, 'None visible, typical for the period, Some damp-proofing visible, may not be complete', 1, '2023-01-04 11:36:52', '2023-01-04 11:36:52'),
(2767, 10, 1297, 1, 1, 1, 'This site is generally flat, This site is moderately sloped, This site is stair/stepped', 1, '2023-01-04 11:36:52', '2023-01-04 11:36:52'),
(2768, 10, 1297, 2, 1, 1, 'Abcdefg', 1, '2023-01-04 11:36:52', '2023-01-04 11:36:52'),
(2769, 10, 1297, 3, 1, 1, 'Yes, mostly concealed, None visible, typical for slab-on-grade, Foundation wall membrane noted', 1, '2023-01-04 11:36:52', '2023-01-04 11:36:52'),
(2770, 10, 1296, 1, 1, 1, 'This site is slightly sloped, This site is moderately sloped, This site is stair/stepped, This site grading is sloped/steep', 1, '2023-01-04 11:36:52', '2023-01-04 11:36:52'),
(2771, 10, 1296, 2, 1, 1, 'Tdtydtyhc', 1, '2023-01-04 11:36:52', '2023-01-04 11:36:52'),
(2783, 10, 1300, 1, 1, 1, 'This site is slightly sloped, This site is stair/stepped', 1, '2023-01-04 11:39:59', '2023-01-04 11:39:59'),
(2784, 10, 1298, 1, 1, 1, 'This site is slightly sloped', 1, '2023-01-04 11:39:59', '2023-01-04 11:39:59'),
(2785, 10, 1301, 1, 1, 1, 'This site is generally flat, This site is moderately sloped, This site is stair/stepped, This site grading is sloped/steep', 1, '2023-01-04 11:39:59', '2023-01-04 11:39:59'),
(2786, 10, 1300, 2, 1, 1, 'Above and below grade discharge, Below grade discharge, Above grade discharge', 1, '2023-01-04 11:39:59', '2023-01-04 11:39:59'),
(2787, 10, 1298, 2, 1, 1, 'Sdfsdf', 1, '2023-01-04 11:39:59', '2023-01-04 11:39:59'),
(2788, 10, 1301, 2, 1, 1, 'Tdfyadfuys', 1, '2023-01-04 11:39:59', '2023-01-04 11:39:59'),
(2789, 10, 1300, 3, 1, 1, 'Sdfsd Gff', 1, '2023-01-04 11:39:59', '2023-01-04 11:39:59'),
(2790, 10, 1300, 4, 1, 1, 'Below grade, concealed, not inspected, Typically, none for manufactured homes', 1, '2023-01-04 11:39:59', '2023-01-04 11:39:59'),
(2791, 10, 1300, 5, 1, 1, 'PVC plastic, None visible', 1, '2023-01-04 11:39:59', '2023-01-04 11:39:59'),
(2792, 10, 1300, 6, 1, 1, 'None visible, Subgrade parking area, Adjacent to water heating equipment, Water heater pan drain, Mechanical room, Crawlspace, Basement', 1, '2023-01-04 11:39:59', '2023-01-04 11:39:59'),
(2793, 10, 1300, 7, 1, 1, 'No seepage visible on today\'s date, See remarks', 1, '2023-01-04 11:39:59', '2023-01-04 11:39:59'),
(2794, 10, 1301, 3, 1, 1, NULL, 1, '2023-01-04 11:40:06', '2023-01-04 11:40:06'),
(2795, 10, 1301, 4, 1, 1, NULL, 1, '2023-01-04 11:40:06', '2023-01-04 11:40:06'),
(2796, 10, 1301, 5, 1, 1, NULL, 1, '2023-01-04 11:40:06', '2023-01-04 11:40:06'),
(2797, 10, 1301, 6, 1, 1, NULL, 1, '2023-01-04 11:40:06', '2023-01-04 11:40:06'),
(2798, 10, 1301, 7, 1, 1, NULL, 1, '2023-01-04 11:40:06', '2023-01-04 11:40:06'),
(2822, 10, 1302, 1, 1, 1, 'This site is slightly sloped, This site grading is sloped/steep', 1, '2023-01-04 11:45:16', '2023-01-04 11:45:16'),
(2823, 10, 1302, 2, 1, 1, 'Ghsyhdvdszyjcgs', 1, '2023-01-04 11:45:16', '2023-01-04 11:45:16'),
(2824, 10, 1302, 3, 1, 1, 'Dfgdf', 1, '2023-01-04 11:45:16', '2023-01-04 11:45:16'),
(2825, 10, 1302, 4, 1, 1, NULL, 1, '2023-01-04 11:45:21', '2023-01-04 11:45:21'),
(2826, 10, 1302, 5, 1, 1, NULL, 1, '2023-01-04 11:45:21', '2023-01-04 11:45:21'),
(2827, 10, 1302, 6, 1, 1, NULL, 1, '2023-01-04 11:45:21', '2023-01-04 11:45:21'),
(2828, 10, 1302, 7, 1, 1, NULL, 1, '2023-01-04 11:45:21', '2023-01-04 11:45:21'),
(2856, 20, 1307, 1, 1, 1, NULL, 1, '2023-01-04 12:46:40', '2023-01-04 12:46:40'),
(2857, 20, 1307, 2, 1, 1, 'Above grade discharge, Below grade discharge, Above and below grade discharge', 1, '2023-01-04 12:46:59', '2023-01-04 12:46:59'),
(2858, 20, 1307, 3, 1, 1, NULL, 1, '2023-01-04 12:46:59', '2023-01-04 12:46:59'),
(2859, 20, 1307, 4, 1, 1, 'Below grade, concealed, not inspected, Typically, none for manufactured homes', 1, '2023-01-04 12:46:59', '2023-01-04 12:46:59'),
(2860, 20, 1307, 5, 1, 1, NULL, 1, '2023-01-04 13:15:39', '2023-01-04 13:15:39'),
(2861, 20, 1307, 6, 1, 1, NULL, 1, '2023-01-04 13:15:39', '2023-01-04 13:15:39'),
(2862, 20, 1307, 7, 1, 1, NULL, 1, '2023-01-04 13:15:39', '2023-01-04 13:15:39'),
(2863, 20, 1308, 1, 1, 1, 'This site is slightly sloped, This site is moderately sloped, This site is generally flat, This site is stair/stepped', 1, '2023-01-04 13:21:58', '2023-01-04 13:21:58'),
(2864, 20, 1308, 2, 1, 1, 'tysggshs, Above grade discharge, Below grade discharge, Above and below grade discharge', 1, '2023-01-04 13:21:58', '2023-01-04 13:21:58'),
(2865, 20, 1308, 3, 1, 1, 'Some damp-proofing visible, may not be complete, Foundation wall membrane noted, None visible, typical for slab-on-grade, None visible, typical for the period, Yes, mostly concealed', 1, '2023-01-04 13:21:58', '2023-01-04 13:21:58'),
(2866, 20, 1308, 4, 1, 1, NULL, 1, '2023-01-04 13:21:58', '2023-01-04 13:21:58'),
(2867, 20, 1308, 5, 1, 1, NULL, 1, '2023-01-04 13:21:58', '2023-01-04 13:21:58'),
(2868, 20, 1308, 6, 1, 1, NULL, 1, '2023-01-04 13:21:58', '2023-01-04 13:21:58'),
(2869, 20, 1308, 7, 1, 1, NULL, 1, '2023-01-04 13:21:58', '2023-01-04 13:21:58'),
(2870, 20, 1309, 1, 2, 1, 'This site is generally flat, This site is slightly sloped, This site is moderately sloped, This site is stair/stepped, This site grading is sloped/steep', 1, '2023-01-04 13:35:39', '2023-01-04 13:35:39'),
(2871, 20, 1309, 8, 2, 1, 'hshshs', 1, '2023-01-04 13:35:39', '2023-01-04 13:35:39'),
(2872, 20, 1309, 9, 2, 1, 'bzhzhzz', 1, '2023-01-04 13:35:39', '2023-01-04 13:35:39'),
(2873, 20, 1309, 10, 2, 1, 'hahshzggzzgs', 1, '2023-01-04 13:35:39', '2023-01-04 13:35:39'),
(2874, 11, 1312, 1, 1, 1, 'Ywyay', 1, '2023-01-05 04:41:07', '2023-01-05 04:41:07'),
(2875, 11, 1313, 1, 1, 1, 'Ysyssh', 1, '2023-01-05 04:41:58', '2023-01-05 04:41:58'),
(2876, 11, 1313, 2, 1, 1, 'Sys', 1, '2023-01-05 04:41:58', '2023-01-05 04:41:58'),
(2877, 11, 1312, 2, 1, 1, NULL, 1, '2023-01-05 04:41:58', '2023-01-05 04:41:58'),
(2878, 11, 1312, 3, 1, 1, NULL, 1, '2023-01-05 04:41:58', '2023-01-05 04:41:58'),
(2879, 11, 1312, 4, 1, 1, NULL, 1, '2023-01-05 04:41:58', '2023-01-05 04:41:58'),
(2880, 11, 1312, 5, 1, 1, NULL, 1, '2023-01-05 04:41:58', '2023-01-05 04:41:58'),
(2881, 11, 1312, 6, 1, 1, NULL, 1, '2023-01-05 04:41:58', '2023-01-05 04:41:58'),
(2882, 11, 1312, 7, 1, 1, NULL, 1, '2023-01-05 04:41:58', '2023-01-05 04:41:58'),
(2883, 11, 1314, 1, 1, 1, 'Ffse', 1, '2023-01-05 04:43:48', '2023-01-05 04:43:48'),
(2923, 10, 1338, 1, 1, 1, 'This site is slightly sloped, This site is moderately sloped, This site is stair/stepped, This site grading is sloped/steep', 1, '2023-01-05 10:35:22', '2023-01-05 10:35:22'),
(3114, 10, 1344, 1, 1, 1, NULL, 1, '2023-01-09 06:25:07', '2023-01-09 06:25:07'),
(3115, 10, 1344, 1, 1, 1, NULL, 1, '2023-01-09 06:25:07', '2023-01-09 06:25:07'),
(3116, 10, 1344, 2, 1, 1, 'Dgdfg', 1, '2023-01-09 06:25:07', '2023-01-09 06:25:07'),
(3117, 10, 1344, 2, 1, 1, 'Dgdfg', 1, '2023-01-09 06:25:07', '2023-01-09 06:25:07'),
(3118, 10, 1344, 3, 1, 1, NULL, 1, '2023-01-09 06:25:07', '2023-01-09 06:25:07'),
(3119, 10, 1344, 3, 1, 1, NULL, 1, '2023-01-09 06:25:07', '2023-01-09 06:25:07'),
(3120, 10, 1344, 4, 1, 1, NULL, 1, '2023-01-09 06:25:07', '2023-01-09 06:25:07'),
(3121, 10, 1344, 4, 1, 1, NULL, 1, '2023-01-09 06:25:07', '2023-01-09 06:25:07'),
(3122, 10, 1344, 5, 1, 1, NULL, 1, '2023-01-09 06:25:07', '2023-01-09 06:25:07'),
(3123, 10, 1344, 5, 1, 1, NULL, 1, '2023-01-09 06:25:07', '2023-01-09 06:25:07'),
(3125, 10, 1344, 6, 1, 1, NULL, 1, '2023-01-09 06:25:07', '2023-01-09 06:25:07'),
(3126, 10, 1344, 6, 1, 1, NULL, 1, '2023-01-09 06:25:07', '2023-01-09 06:25:07'),
(3128, 10, 1344, 7, 1, 1, NULL, 1, '2023-01-09 06:25:07', '2023-01-09 06:25:07'),
(3129, 10, 1344, 7, 1, 1, NULL, 1, '2023-01-09 06:25:07', '2023-01-09 06:25:07'),
(3282, 11, 1385, 1, 1, 1, 'This site is generally flat, This site is slightly sloped, This site is moderately sloped, This site is stair/stepped, This site grading is sloped/steep', 1, '2023-01-09 09:02:32', '2023-01-09 09:02:32'),
(3283, 11, 1385, 2, 1, 1, 'Above grade discharge, Below grade discharge, Above and below grade discharge', 1, '2023-01-09 09:02:32', '2023-01-09 09:02:32'),
(3284, 11, 1385, 3, 1, 1, 'Yes, mostly concealed, None visible, typical for the period, None visible, typical for slab-on-grade, Some damp-proofing visible, may not be complete, Foundation wall membrane noted, Not visible, NA', 1, '2023-01-09 09:02:32', '2023-01-09 09:02:32'),
(3285, 11, 1385, 4, 1, 1, 'Below grade, concealed, not inspected, Typically, none for manufactured homes', 1, '2023-01-09 09:02:32', '2023-01-09 09:02:32'),
(3286, 11, 1385, 5, 1, 1, 'Concrete/clay, Corrugated plastic (big-O), ABS plastic, PVC plastic, None visible', 1, '2023-01-09 09:02:32', '2023-01-09 09:02:32'),
(3287, 11, 1385, 6, 1, 1, 'None visible, Subgrade parking area, Adjacent to water heating equipment, Water heater pan drain, Crawlspace, Basement, Laundry area, NA, Mechanical room', 1, '2023-01-09 09:02:32', '2023-01-09 09:02:32'),
(3288, 11, 1385, 7, 1, 1, 'No seepage visible on today\'s date, See remarks', 1, '2023-01-09 09:02:32', '2023-01-09 09:02:32'),
(3320, 10, 1387, 182, 37, 11, 'Electrical,PLUMBING,Heating,Double glazed windows', 1, '2023-01-09 09:49:29', '2023-01-09 09:49:29'),
(3321, 10, 1387, 182, 37, 11, 'Electrical,PLUMBING,Heating,Double glazed windows', 1, '2023-01-09 09:49:29', '2023-01-09 09:49:29'),
(3322, 10, 1387, 181, 37, 11, '0.0', 1, '2023-01-09 09:49:29', '2023-01-09 09:49:29'),
(3323, 10, 1387, 181, 37, 11, '0.0', 1, '2023-01-09 09:49:29', '2023-01-09 09:49:29'),
(3324, 10, 1387, 1, 1, 1, 'This site is slightly sloped, This site grading is sloped/steep, This site is stair/stepped', 1, '2023-01-09 09:49:34', '2023-01-09 09:49:34'),
(3325, 10, 1387, 2, 1, 1, 'Above grade discharge, Below grade discharge, Above and below grade discharge', 1, '2023-01-09 09:49:34', '2023-01-09 09:49:34'),
(3326, 10, 1387, 3, 1, 1, 'Yes, mostly concealed, None visible, typical for the period, None visible, typical for slab-on-grade, Some damp-proofing visible, may not be complete, Foundation wall membrane noted, Not visible', 1, '2023-01-09 09:49:34', '2023-01-09 09:49:34'),
(3327, 10, 1387, 4, 1, 1, 'Below grade, concealed, not inspected, Typically, none for manufactured homes', 1, '2023-01-09 09:49:34', '2023-01-09 09:49:34'),
(3328, 10, 1387, 5, 1, 1, 'Concrete/clay, Corrugated plastic (big-O), ABS plastic, PVC plastic, None visible', 1, '2023-01-09 09:49:34', '2023-01-09 09:49:34'),
(3329, 10, 1387, 6, 1, 1, 'None visible, Subgrade parking area, Adjacent to water heating equipment, Water heater pan drain, Mechanical room', 1, '2023-01-09 09:49:34', '2023-01-09 09:49:34'),
(3330, 10, 1387, 7, 1, 1, 'No seepage visible on today\'s date, See remarks', 1, '2023-01-09 09:49:34', '2023-01-09 09:49:34'),
(3331, 10, 1387, 8, 2, 1, NULL, 1, '2023-01-09 09:49:46', '2023-01-09 09:49:46'),
(3332, 10, 1387, 9, 2, 1, NULL, 1, '2023-01-09 09:49:46', '2023-01-09 09:49:46'),
(3333, 10, 1387, 10, 2, 1, NULL, 1, '2023-01-09 09:49:46', '2023-01-09 09:49:46'),
(3335, 10, 1391, 11, 3, 2, 'Wood shingles/shakes, Metal panel', 1, '2023-01-09 09:55:08', '2023-01-09 09:55:08'),
(3336, 10, 1391, 1, 1, 1, NULL, 1, '2023-01-09 09:55:17', '2023-01-09 09:55:17'),
(3337, 10, 1391, 2, 1, 1, NULL, 1, '2023-01-09 09:55:17', '2023-01-09 09:55:17'),
(3338, 10, 1391, 3, 1, 1, NULL, 1, '2023-01-09 09:55:17', '2023-01-09 09:55:17'),
(3339, 10, 1391, 4, 1, 1, NULL, 1, '2023-01-09 09:55:17', '2023-01-09 09:55:17'),
(3340, 10, 1391, 5, 1, 1, NULL, 1, '2023-01-09 09:55:17', '2023-01-09 09:55:17'),
(3341, 10, 1391, 6, 1, 1, NULL, 1, '2023-01-09 09:55:17', '2023-01-09 09:55:17'),
(3342, 10, 1391, 7, 1, 1, NULL, 1, '2023-01-09 09:55:17', '2023-01-09 09:55:17'),
(3344, 10, 1391, 8, 2, 1, NULL, 1, '2023-01-09 09:55:26', '2023-01-09 09:55:26'),
(3346, 10, 1391, 9, 2, 1, NULL, 1, '2023-01-09 09:55:26', '2023-01-09 09:55:26'),
(3348, 10, 1391, 10, 2, 1, NULL, 1, '2023-01-09 09:55:26', '2023-01-09 09:55:26'),
(3349, 10, 1392, 1, 2, 1, 'This site is slightly sloped, This site is stair/stepped, This site is generally flat', 1, '2023-01-09 09:56:27', '2023-01-09 09:56:27'),
(3350, 10, 1392, 8, 2, 1, 'Concrete/asphalt', 1, '2023-01-09 09:56:27', '2023-01-09 09:56:27'),
(3351, 10, 1392, 1, 1, 1, 'This site is slightly sloped, This site is stair/stepped, This site is generally flat', 1, '2023-01-09 09:56:33', '2023-01-09 09:56:33'),
(3352, 10, 1392, 2, 1, 1, NULL, 1, '2023-01-09 09:56:33', '2023-01-09 09:56:33'),
(3353, 10, 1392, 3, 1, 1, NULL, 1, '2023-01-09 09:56:33', '2023-01-09 09:56:33'),
(3354, 10, 1392, 4, 1, 1, NULL, 1, '2023-01-09 09:56:33', '2023-01-09 09:56:33'),
(3355, 10, 1392, 5, 1, 1, NULL, 1, '2023-01-09 09:56:33', '2023-01-09 09:56:33'),
(3357, 10, 1392, 6, 1, 1, NULL, 1, '2023-01-09 09:56:33', '2023-01-09 09:56:33'),
(3359, 10, 1392, 7, 1, 1, NULL, 1, '2023-01-09 09:56:33', '2023-01-09 09:56:33'),
(3372, 10, 1392, 22, 7, 3, NULL, 1, '2023-01-09 09:58:49', '2023-01-09 09:58:49'),
(3373, 10, 1392, 23, 7, 3, NULL, 1, '2023-01-09 09:58:49', '2023-01-09 09:58:49'),
(3374, 10, 1392, 24, 7, 3, NULL, 1, '2023-01-09 09:58:49', '2023-01-09 09:58:49'),
(3375, 10, 1392, 25, 7, 3, NULL, 1, '2023-01-09 09:58:49', '2023-01-09 09:58:49'),
(3376, 10, 1391, 22, 7, 3, NULL, 1, '2023-01-09 09:58:49', '2023-01-09 09:58:49'),
(3377, 10, 1391, 23, 7, 3, NULL, 1, '2023-01-09 09:58:49', '2023-01-09 09:58:49'),
(3378, 10, 1391, 24, 7, 3, NULL, 1, '2023-01-09 09:58:49', '2023-01-09 09:58:49'),
(3379, 10, 1391, 25, 7, 3, NULL, 1, '2023-01-09 09:58:49', '2023-01-09 09:58:49'),
(3380, 10, 1394, 22, 7, 3, 'Jhbjh', 1, '2023-01-09 09:59:48', '2023-01-09 09:59:48'),
(3385, 10, 1396, 182, 37, 11, 'Single glazed windows,Appears insulated,Partially insulated,At least partially insulated', 1, '2023-01-10 05:31:39', '2023-01-10 05:31:39'),
(3386, 10, 1396, 181, 37, 11, '0.56936127', 1, '2023-01-10 05:31:39', '2023-01-10 05:31:39'),
(3394, 10, 1397, 182, 37, 11, 'Heating,Single glazed windows', 1, '2023-01-10 06:02:14', '2023-01-10 06:02:14'),
(3395, 10, 1397, 181, 37, 11, '0.24900196', 1, '2023-01-10 06:02:14', '2023-01-10 06:02:14'),
(3396, 10, 1397, 26, 8, 3, 'Dfsd Fgdf', 1, '2023-01-10 06:28:26', '2023-01-10 06:28:26'),
(3397, 10, 1397, 27, 8, 3, NULL, 1, '2023-01-10 06:28:26', '2023-01-10 06:28:26'),
(3398, 10, 1397, 28, 8, 3, NULL, 1, '2023-01-10 06:28:26', '2023-01-10 06:28:26'),
(3399, 17, 731, 50, 13, 6, NULL, 1, '2023-01-10 06:55:58', '2023-01-10 06:55:58'),
(3400, 17, 731, 51, 13, 6, NULL, 1, '2023-01-10 06:55:58', '2023-01-10 06:55:58'),
(3402, 17, 731, 52, 13, 6, NULL, 1, '2023-01-10 06:55:58', '2023-01-10 06:55:58'),
(3404, 17, 731, 53, 13, 6, NULL, 1, '2023-01-10 06:55:58', '2023-01-10 06:55:58'),
(3406, 17, 731, 54, 13, 6, NULL, 1, '2023-01-10 06:55:58', '2023-01-10 06:55:58'),
(3408, 17, 731, 55, 13, 6, NULL, 1, '2023-01-10 06:55:58', '2023-01-10 06:55:58'),
(3410, 17, 731, 56, 13, 6, NULL, 1, '2023-01-10 06:55:58', '2023-01-10 06:55:58'),
(3412, 17, 731, 57, 13, 6, NULL, 1, '2023-01-10 06:55:58', '2023-01-10 06:55:58'),
(3414, 17, 731, 58, 13, 6, NULL, 1, '2023-01-10 06:55:58', '2023-01-10 06:55:58'),
(3496, 16, 1404, 1, 1, 1, 'This site is generally flat', 1, '2023-01-10 10:32:13', '2023-01-10 10:32:13'),
(3497, 16, 1404, 2, 1, 1, NULL, 1, '2023-01-10 10:35:27', '2023-01-10 10:35:27'),
(3498, 16, 1404, 2, 1, 1, NULL, 1, '2023-01-10 10:35:27', '2023-01-10 10:35:27'),
(3499, 16, 1404, 3, 1, 1, NULL, 1, '2023-01-10 10:35:27', '2023-01-10 10:35:27'),
(3500, 16, 1404, 3, 1, 1, NULL, 1, '2023-01-10 10:35:27', '2023-01-10 10:35:27'),
(3501, 16, 1404, 4, 1, 1, NULL, 1, '2023-01-10 10:35:27', '2023-01-10 10:35:27'),
(3502, 16, 1404, 4, 1, 1, NULL, 1, '2023-01-10 10:35:27', '2023-01-10 10:35:27'),
(3503, 16, 1404, 5, 1, 1, NULL, 1, '2023-01-10 10:35:27', '2023-01-10 10:35:27'),
(3504, 16, 1404, 5, 1, 1, NULL, 1, '2023-01-10 10:35:27', '2023-01-10 10:35:27'),
(3505, 16, 1404, 6, 1, 1, NULL, 1, '2023-01-10 10:35:27', '2023-01-10 10:35:27'),
(3506, 16, 1404, 6, 1, 1, NULL, 1, '2023-01-10 10:35:27', '2023-01-10 10:35:27'),
(3507, 16, 1404, 7, 1, 1, NULL, 1, '2023-01-10 10:35:27', '2023-01-10 10:35:27'),
(3508, 16, 1404, 7, 1, 1, NULL, 1, '2023-01-10 10:35:27', '2023-01-10 10:35:27'),
(3509, 16, 1404, 11, 3, 2, NULL, 1, '2023-01-10 10:35:36', '2023-01-10 10:35:36'),
(3510, 16, 1404, 12, 3, 2, NULL, 1, '2023-01-10 10:35:36', '2023-01-10 10:35:36'),
(3511, 16, 1404, 13, 3, 2, NULL, 1, '2023-01-10 10:35:36', '2023-01-10 10:35:36'),
(3512, 16, 1404, 14, 3, 2, NULL, 1, '2023-01-10 10:35:36', '2023-01-10 10:35:36'),
(3513, 16, 1404, 15, 3, 2, NULL, 1, '2023-01-10 10:35:36', '2023-01-10 10:35:36'),
(3514, 16, 1404, 16, 3, 2, NULL, 1, '2023-01-10 10:35:36', '2023-01-10 10:35:36'),
(3515, 16, 1402, 1, 1, 1, 'This site is generally flat', 1, '2023-01-10 10:36:50', '2023-01-10 10:36:50'),
(3516, 16, 1402, 2, 1, 1, 'Above grade discharge', 1, '2023-01-10 10:36:50', '2023-01-10 10:36:50'),
(3517, 16, 1402, 3, 1, 1, 'None visible, typical for the period', 1, '2023-01-10 10:36:50', '2023-01-10 10:36:50'),
(3518, 16, 1402, 4, 1, 1, 'Below grade, concealed, not inspected', 1, '2023-01-10 10:36:50', '2023-01-10 10:36:50'),
(3519, 16, 1402, 5, 1, 1, 'Concrete/clay, Corrugated plastic (big-O)', 1, '2023-01-10 10:36:50', '2023-01-10 10:36:50'),
(3520, 16, 1402, 6, 1, 1, 'Adjacent to water heating equipment', 1, '2023-01-10 10:36:50', '2023-01-10 10:36:50'),
(3521, 16, 1402, 7, 1, 1, 'No seepage visible on today\'s date', 1, '2023-01-10 10:36:50', '2023-01-10 10:36:50'),
(3522, 16, 1404, 8, 2, 1, NULL, 1, '2023-01-10 10:37:13', '2023-01-10 10:37:13'),
(3523, 16, 1404, 9, 2, 1, NULL, 1, '2023-01-10 10:37:13', '2023-01-10 10:37:13'),
(3524, 16, 1404, 10, 2, 1, NULL, 1, '2023-01-10 10:37:13', '2023-01-10 10:37:13'),
(3525, 10, 1396, 1, 1, 1, NULL, 1, '2023-01-10 11:53:04', '2023-01-10 11:53:04'),
(3526, 10, 1396, 2, 1, 1, NULL, 1, '2023-01-10 11:53:04', '2023-01-10 11:53:04'),
(3527, 10, 1396, 3, 1, 1, NULL, 1, '2023-01-10 11:53:04', '2023-01-10 11:53:04'),
(3528, 10, 1396, 4, 1, 1, NULL, 1, '2023-01-10 11:53:04', '2023-01-10 11:53:04'),
(3529, 10, 1396, 5, 1, 1, NULL, 1, '2023-01-10 11:53:04', '2023-01-10 11:53:04'),
(3530, 10, 1396, 6, 1, 1, NULL, 1, '2023-01-10 11:53:04', '2023-01-10 11:53:04'),
(3531, 10, 1396, 7, 1, 1, NULL, 1, '2023-01-10 11:53:04', '2023-01-10 11:53:04'),
(3557, 19, 1408, 18, 6, 2, 'hshbsbs', 1, '2023-01-10 13:20:01', '2023-01-10 13:20:01'),
(3558, 19, 1408, 19, 6, 2, 'bzbzbsbsb', 1, '2023-01-10 13:20:01', '2023-01-10 13:20:01'),
(3559, 19, 1408, 20, 6, 2, 'hshshsb', 1, '2023-01-10 13:20:01', '2023-01-10 13:20:01'),
(3560, 19, 1408, 21, 6, 2, 'hshshsbsb', 1, '2023-01-10 13:21:35', '2023-01-10 13:21:35'),
(3650, 17, 1413, 1, 1, 1, 'This site is generally flat', 1, '2023-01-10 15:34:42', '2023-01-10 15:34:42'),
(3651, 17, 1413, 2, 1, 1, 'Below grade discharge', 1, '2023-01-10 15:34:42', '2023-01-10 15:34:42'),
(3652, 17, 1413, 3, 1, 1, 'Yes, mostly concealed', 1, '2023-01-10 15:34:42', '2023-01-10 15:34:42'),
(3653, 17, 1413, 4, 1, 1, 'Below grade, concealed, not inspected', 1, '2023-01-10 15:34:42', '2023-01-10 15:34:42'),
(3654, 17, 1413, 5, 1, 1, 'Concrete/clay', 1, '2023-01-10 15:34:42', '2023-01-10 15:34:42'),
(3655, 17, 1413, 6, 1, 1, 'None visible', 1, '2023-01-10 15:34:42', '2023-01-10 15:34:42'),
(3656, 17, 1413, 7, 1, 1, 'No seepage visible on today\'s date', 1, '2023-01-10 15:34:42', '2023-01-10 15:34:42'),
(3657, 17, 1414, 1, 1, 1, 'This site is generally flat', 1, '2023-01-10 15:40:16', '2023-01-10 15:40:16'),
(3658, 17, 1414, 2, 1, 1, NULL, 1, '2023-01-10 15:42:44', '2023-01-10 15:42:44'),
(3659, 17, 1414, 3, 1, 1, NULL, 1, '2023-01-10 15:42:44', '2023-01-10 15:42:44'),
(3660, 17, 1414, 4, 1, 1, NULL, 1, '2023-01-10 15:42:44', '2023-01-10 15:42:44'),
(3661, 17, 1414, 5, 1, 1, NULL, 1, '2023-01-10 15:42:44', '2023-01-10 15:42:44'),
(3662, 17, 1414, 6, 1, 1, NULL, 1, '2023-01-10 15:42:44', '2023-01-10 15:42:44'),
(3663, 17, 1414, 7, 1, 1, NULL, 1, '2023-01-10 15:42:44', '2023-01-10 15:42:44'),
(3664, 17, 1415, 1, 1, 1, 'This site is generally flat', 1, '2023-01-10 15:42:44', '2023-01-10 15:42:44'),
(3665, 17, 1415, 2, 1, 1, NULL, 1, '2023-01-10 15:42:44', '2023-01-10 15:42:44'),
(3666, 17, 1415, 3, 1, 1, NULL, 1, '2023-01-10 15:42:44', '2023-01-10 15:42:44'),
(3667, 17, 1415, 4, 1, 1, NULL, 1, '2023-01-10 15:42:45', '2023-01-10 15:42:45'),
(3668, 17, 1415, 5, 1, 1, NULL, 1, '2023-01-10 15:42:45', '2023-01-10 15:42:45'),
(3669, 17, 1415, 6, 1, 1, NULL, 1, '2023-01-10 15:42:45', '2023-01-10 15:42:45'),
(3670, 17, 1415, 7, 1, 1, NULL, 1, '2023-01-10 15:42:45', '2023-01-10 15:42:45'),
(3671, 17, 1415, 65, 15, 7, 'PEX (cross linked Polyethylene)', 1, '2023-01-10 23:37:08', '2023-01-10 23:37:08'),
(3672, 17, 1415, 66, 15, 7, NULL, 1, '2023-01-10 23:37:08', '2023-01-10 23:37:08'),
(3673, 17, 1415, 67, 15, 7, NULL, 1, '2023-01-10 23:37:08', '2023-01-10 23:37:08'),
(3674, 17, 1415, 68, 15, 7, NULL, 1, '2023-01-10 23:37:08', '2023-01-10 23:37:08'),
(3675, 17, 1415, 69, 15, 7, NULL, 1, '2023-01-10 23:37:08', '2023-01-10 23:37:08'),
(3676, 17, 1415, 59, 15, 7, NULL, 1, '2023-01-10 23:37:12', '2023-01-10 23:37:12'),
(3677, 17, 1415, 60, 15, 7, NULL, 1, '2023-01-10 23:37:12', '2023-01-10 23:37:12'),
(3678, 17, 1415, 61, 15, 7, NULL, 1, '2023-01-10 23:37:12', '2023-01-10 23:37:12'),
(3679, 17, 1415, 62, 15, 7, NULL, 1, '2023-01-10 23:37:12', '2023-01-10 23:37:12'),
(3680, 17, 1415, 63, 15, 7, 'Bedrooms', 1, '2023-01-10 23:37:12', '2023-01-10 23:37:12'),
(3681, 17, 1415, 64, 15, 7, 'Inspected a representative number (i.e., not all)', 1, '2023-01-10 23:37:12', '2023-01-10 23:37:12'),
(3682, 17, 1415, 59, 14, 6, 'NM sheathed copper', 1, '2023-01-10 23:37:48', '2023-01-10 23:37:48'),
(3683, 17, 1415, 59, 14, 6, 'NM sheathed copper', 1, '2023-01-10 23:37:48', '2023-01-10 23:37:48'),
(3684, 17, 1415, 60, 14, 6, 'Yes', 1, '2023-01-10 23:37:48', '2023-01-10 23:37:48'),
(3685, 17, 1415, 61, 14, 6, 'Yes', 1, '2023-01-10 23:37:48', '2023-01-10 23:37:48'),
(3686, 17, 1415, 62, 14, 6, 'Not all outlets GFCI protected', 1, '2023-01-10 23:37:48', '2023-01-10 23:37:48'),
(3687, 17, 1415, 63, 14, 6, 'Yes', 1, '2023-01-10 23:37:48', '2023-01-10 23:37:48'),
(3688, 17, 1415, 64, 14, 6, 'Inspected a representative number (i.e., not all)', 1, '2023-01-10 23:37:48', '2023-01-10 23:37:48'),
(3689, 17, 1415, 1, 15, 7, 'This site is generally flat', 1, '2023-01-10 23:40:33', '2023-01-10 23:40:33'),
(3690, 17, 1415, 2, 15, 7, NULL, 1, '2023-01-10 23:40:33', '2023-01-10 23:40:33'),
(3691, 17, 1415, 3, 15, 7, NULL, 1, '2023-01-10 23:40:33', '2023-01-10 23:40:33'),
(3692, 17, 1415, 4, 15, 7, NULL, 1, '2023-01-10 23:40:33', '2023-01-10 23:40:33'),
(3693, 17, 1415, 5, 15, 7, NULL, 1, '2023-01-10 23:40:33', '2023-01-10 23:40:33'),
(3694, 17, 1415, 6, 15, 7, NULL, 1, '2023-01-10 23:40:33', '2023-01-10 23:40:33'),
(3695, 17, 1415, 7, 15, 7, NULL, 1, '2023-01-10 23:40:33', '2023-01-10 23:40:33'),
(3697, 17, 1416, 1, 1, 1, 'This site is generally flat', 1, '2023-01-10 23:41:15', '2023-01-10 23:41:15'),
(3698, 17, 1413, 18, 5, 2, NULL, 1, '2023-01-11 04:44:03', '2023-01-11 04:44:03'),
(3699, 17, 1415, 18, 14, 6, NULL, 1, '2023-01-11 04:44:03', '2023-01-11 04:44:03'),
(3700, 17, 1413, 19, 5, 2, NULL, 1, '2023-01-11 04:44:03', '2023-01-11 04:44:03'),
(3701, 17, 1415, 19, 14, 6, NULL, 1, '2023-01-11 04:44:03', '2023-01-11 04:44:03'),
(3702, 17, 1415, 18, 5, 2, NULL, 1, '2023-01-11 04:44:03', '2023-01-11 04:44:03');
INSERT INTO `answers` (`id`, `inspector_id`, `client_id`, `question_id`, `sub_cat_id`, `cat_id`, `answer`, `status`, `created_at`, `updated_at`) VALUES
(3703, 17, 1415, 19, 5, 2, NULL, 1, '2023-01-11 04:44:03', '2023-01-11 04:44:03'),
(3704, 17, 1415, 18, 15, 7, NULL, 1, '2023-01-11 04:44:04', '2023-01-11 04:44:04'),
(3705, 17, 1415, 19, 15, 7, NULL, 1, '2023-01-11 04:44:04', '2023-01-11 04:44:04'),
(3706, 17, 1416, 18, 5, 2, NULL, 1, '2023-01-11 04:44:04', '2023-01-11 04:44:04'),
(3707, 17, 1416, 19, 5, 2, NULL, 1, '2023-01-11 04:44:04', '2023-01-11 04:44:04'),
(3708, 19, 1417, 1, 3, 2, 'This site is generally flat, This site is slightly sloped, This site is moderately sloped, This site is stair/stepped, This site grading is sloped/steep', 1, '2023-01-11 13:37:45', '2023-01-11 13:37:45'),
(3709, 19, 1417, 2, 3, 2, 'Above grade discharge, Below grade discharge, Above and below grade discharge', 1, '2023-01-11 13:37:45', '2023-01-11 13:37:45'),
(3710, 19, 1417, 3, 3, 2, 'Yes, mostly concealed, None visible, typical for the period, None visible, typical for slab-on-grade, Some damp-proofing visible, may not be complete, Foundation wall membrane noted, Not visible', 1, '2023-01-11 13:37:45', '2023-01-11 13:37:45'),
(3711, 19, 1417, 4, 3, 2, 'Below grade, concealed, not inspected, Typically, none for manufactured homes', 1, '2023-01-11 13:37:45', '2023-01-11 13:37:45'),
(3712, 19, 1417, 5, 3, 2, 'Concrete/clay, Corrugated plastic (big-O), ABS plastic, PVC plastic, None visible', 1, '2023-01-11 13:37:45', '2023-01-11 13:37:45'),
(3713, 19, 1417, 6, 3, 2, 'None visible, Subgrade parking area, Adjacent to water heating equipment, Water heater pan drain, Mechanical room, Crawlspace, Basement, Laundry area', 1, '2023-01-11 13:37:45', '2023-01-11 13:37:45'),
(3714, 19, 1417, 7, 3, 2, 'No seepage visible on today\'s date, See remarks', 1, '2023-01-11 13:37:45', '2023-01-11 13:37:45'),
(3715, 19, 1417, 8, 3, 2, 'Concrete, Asphalt, Concrete/asphalt, Unfinished, Crushed rock, Crushed rock/unfinished, Concrete pavers', 1, '2023-01-11 13:37:45', '2023-01-11 13:37:45'),
(3716, 19, 1417, 9, 3, 2, 'Concrete, Asphalt, Concrete/asphalt, Unfinished, Crushed rock, Concrete pavers, Flag stone', 1, '2023-01-11 13:37:45', '2023-01-11 13:37:45'),
(3717, 19, 1417, 10, 3, 2, 'Cast in place concrete, Rock/stone, Boulder retaining wall, Concrete block', 1, '2023-01-11 13:37:45', '2023-01-11 13:37:45'),
(3718, 19, 1417, 11, 3, 2, 'Asphalt shingles, Wood shingles/shakes, Torch on (modified bitumen), Metal panel, Metal shingle, EPDM membrane (synthetic rubber), Tar and gravel (built-up roofing)', 1, '2023-01-11 13:37:45', '2023-01-11 13:37:45'),
(3719, 19, 1417, 12, 3, 2, 'Asphalt below:, 15 - 25 yrs. depending on product and maintenance, Torch-on below:, 20 - 25 yrs. depending on product and maintenance, Metal below:, 40 - 50 yrs. depending on product and maintenance, Tar and gravel below:, 15 - 30 yrs. depending on the number of felt layers, Wood shingle/shake below:, 20 - 40 yrs. depending on several factors, EPDM membrane below:', 1, '2023-01-11 13:37:45', '2023-01-11 13:37:45'),
(3720, 19, 1417, 13, 3, 2, 'New condition, Early life stages, Early to early mid-life stages, Early to early mid-life stages, Early midlife stages, Midlife stages, Midlife or later midlife stages, Later midlife stages, Later life stages, End of life stages', 1, '2023-01-11 13:37:45', '2023-01-11 13:37:45'),
(3721, 19, 1417, 14, 3, 2, 'Inquire to seller, often required for home insurance, Appears original with the home', 1, '2023-01-11 13:37:45', '2023-01-11 13:37:45'),
(3722, 19, 1417, 15, 3, 2, 'Walked upon, Viewed from the eaves, Viewed from ground level with binoculars', 1, '2023-01-11 13:37:45', '2023-01-11 13:37:45'),
(3723, 19, 1417, 16, 3, 2, 'No moisture stains/ leaks visible during inspection, See remarks', 1, '2023-01-11 13:37:45', '2023-01-11 13:37:45'),
(3724, 17, 1413, 59, 14, 6, NULL, 1, '2023-01-11 15:48:10', '2023-01-11 15:48:10'),
(3725, 17, 1413, 60, 14, 6, NULL, 1, '2023-01-11 15:48:10', '2023-01-11 15:48:10'),
(3726, 17, 1413, 61, 14, 6, NULL, 1, '2023-01-11 15:48:10', '2023-01-11 15:48:10'),
(3727, 17, 1413, 62, 14, 6, NULL, 1, '2023-01-11 15:48:10', '2023-01-11 15:48:10'),
(3728, 17, 1413, 63, 14, 6, NULL, 1, '2023-01-11 15:48:10', '2023-01-11 15:48:10'),
(3729, 17, 1413, 64, 14, 6, NULL, 1, '2023-01-11 15:48:10', '2023-01-11 15:48:10'),
(3730, 17, 1415, 59, 26, 9, 'NM sheathed copper', 1, '2023-01-11 15:48:10', '2023-01-11 15:48:10'),
(3731, 17, 1415, 60, 26, 9, 'Yes', 1, '2023-01-11 15:48:10', '2023-01-11 15:48:10'),
(3732, 17, 1416, 59, 14, 6, NULL, 1, '2023-01-11 15:48:10', '2023-01-11 15:48:10'),
(3733, 17, 1415, 61, 26, 9, 'Yes', 1, '2023-01-11 15:48:10', '2023-01-11 15:48:10'),
(3734, 17, 1416, 60, 14, 6, NULL, 1, '2023-01-11 15:48:10', '2023-01-11 15:48:10'),
(3735, 17, 1415, 62, 26, 9, 'Yes', 1, '2023-01-11 15:48:10', '2023-01-11 15:48:10'),
(3736, 17, 1416, 61, 14, 6, NULL, 1, '2023-01-11 15:48:10', '2023-01-11 15:48:10'),
(3737, 17, 1415, 63, 26, 9, 'Yes', 1, '2023-01-11 15:48:10', '2023-01-11 15:48:10'),
(3738, 17, 1416, 62, 14, 6, NULL, 1, '2023-01-11 15:48:10', '2023-01-11 15:48:10'),
(3739, 17, 1415, 64, 26, 9, 'Inspected a representative number (i.e., not all)', 1, '2023-01-11 15:48:10', '2023-01-11 15:48:10'),
(3740, 17, 1416, 63, 14, 6, NULL, 1, '2023-01-11 15:48:10', '2023-01-11 15:48:10'),
(3741, 17, 1416, 64, 14, 6, NULL, 1, '2023-01-11 15:48:10', '2023-01-11 15:48:10'),
(3742, 17, 1415, 11, 3, 2, 'Asphalt shingles', 1, '2023-01-12 01:34:19', '2023-01-12 01:34:19'),
(3743, 17, 1415, 12, 3, 2, NULL, 1, '2023-01-12 01:34:19', '2023-01-12 01:34:19'),
(3744, 17, 1415, 13, 3, 2, NULL, 1, '2023-01-12 01:34:19', '2023-01-12 01:34:19'),
(3745, 17, 1415, 14, 3, 2, NULL, 1, '2023-01-12 01:34:19', '2023-01-12 01:34:19'),
(3746, 17, 1415, 15, 3, 2, NULL, 1, '2023-01-12 01:34:19', '2023-01-12 01:34:19'),
(3747, 17, 1415, 16, 3, 2, NULL, 1, '2023-01-12 01:34:19', '2023-01-12 01:34:19');

-- --------------------------------------------------------

--
-- Table structure for table `client_general_info`
--

CREATE TABLE `client_general_info` (
  `id` int NOT NULL,
  `inspector_id` int UNSIGNED NOT NULL,
  `banner_image` varchar(255) DEFAULT NULL,
  `inspection_address` varchar(255) NOT NULL,
  `inspection_date` varchar(255) DEFAULT NULL,
  `client_name` varchar(255) CHARACTER SET utf8mb4 COLLATE utf8mb4_0900_ai_ci NOT NULL,
  `client_onsite` varchar(255) DEFAULT NULL,
  `property_type` varchar(255) DEFAULT NULL,
  `add_suites` varchar(255) DEFAULT NULL,
  `add_structure` varchar(255) DEFAULT NULL,
  `year_build` varchar(255) DEFAULT NULL,
  `approx_yrs` varchar(255) DEFAULT NULL,
  `utilities` varchar(100) DEFAULT NULL,
  `status` int DEFAULT '1',
  `created_at` timestamp NULL DEFAULT NULL,
  `updated_at` timestamp NULL DEFAULT NULL
) ENGINE=InnoDB DEFAULT CHARSET=utf8mb4 COLLATE=utf8mb4_0900_ai_ci;

--
-- Dumping data for table `client_general_info`
--

INSERT INTO `client_general_info` (`id`, `inspector_id`, `banner_image`, `inspection_address`, `inspection_date`, `client_name`, `client_onsite`, `property_type`, `add_suites`, `add_structure`, `year_build`, `approx_yrs`, `utilities`, `status`, `created_at`, `updated_at`) VALUES
(730, 17, 'uploads/form/VGKj2grO5G3aOdDfWeQB5qouKlZJOydvjXOgRP30.jpg', 'Mumbai', '2022-12-02T11:21:16Z', 'James', 'nil', NULL, NULL, NULL, 'nil', NULL, NULL, 1, '2022-12-02 11:21:07', '2022-12-02 11:21:07'),
(731, 17, NULL, 'Delhi', '2022-08-01T07:00:00Z', 'Reetu', 'nil', NULL, NULL, NULL, 'nil', NULL, NULL, 1, '2022-12-02 11:21:49', '2023-01-10 23:39:09'),
(736, 16, NULL, 'ABCD', '2022-12-19T09:29:34Z', 'Test', 'Optional(false)', 'singleFamily', 'yesNotDetermined', NULL, 'Optional(1980)', '42', 'Electrical', 1, '2022-12-08 11:53:11', '2022-12-19 09:29:34'),
(1068, 18, 'uploads/form/mdgxvp7wYkWqHZXr8gWkzJTtZrTWm5KdOCtsE0cF.jpg', 'Mumbai', '1928-10-07T18:30:00Z', 'Debajit2', 'Optional(false)', 'attachedTown', 'yes', 'Detached garage,Studio,Cottage', 'Optional(1990)', '33', 'Electrical,Water,Natural gas,Private propane storage', 1, '2023-01-03 12:06:50', '2023-01-03 12:20:36'),
(1307, 20, 'uploads/form/QjGZfv8Vr6UrIqUggI5GjIWPpejpVYST7f15kI48.jpg', 'Noida', '2001-05-10T18:30:00Z', 'Debajit1', 'Optional(true)', 'singleFamily', 'yes', 'Detached garage,Studio,Cottage,Carport', 'Optional(1990)', '33', 'Electrical,Water,Natural gas,Private propane storage', 1, '2023-01-04 12:46:35', '2023-01-04 13:15:17'),
(1308, 20, 'uploads/form/HrRdKHFwuHdeN7hs4WJ0jJ7f1Gh0pyrArTK4me4p.jpg', 'Delhi123', '2014-03-16T18:30:00Z', 'test', 'Optional(true)', 'singleFamily', 'yes', 'Detached garage,Studio,Cottage,Carport', 'Optional(1980)', '43', 'Electrical,Natural gas,Water,Private water system,Private propane storage', 1, '2023-01-04 13:20:31', '2023-01-04 13:20:31'),
(1309, 20, 'uploads/form/glnF3gOH2CAnwaI4xVw26mMUfMeeH2PYmlJny38P.jpg', 'Mumbai1', '1970-08-12T18:30:00Z', 'offline1', 'Optional(true)', 'singleFamily', 'yes', 'Studio,Carport,Cottage', 'Optional(1990)', '33', 'Electrical,Water,Natural gas,Private water system,Private propane storage', 1, '2023-01-04 13:35:39', '2023-01-04 13:35:39'),
(1310, 20, 'uploads/form/p9Pxl9NB1QRBL5jmb2q7sTsmZzv3wPvbmzh561yS.jpg', 'Mumbai1', '1970-08-12T18:30:00Z', 'offline1', 'Optional(true)', 'singleFamily', 'yes', 'Studio,Carport,Cottage', 'Optional(1990)', '33', 'Electrical,Water,Natural gas,Private water system,Private propane storage', 1, '2023-01-04 13:36:34', '2023-01-04 13:36:34'),
(1311, 20, 'uploads/form/uo8hsyHtXxuDOrqBj56hrALbAtWYs1cxXDK6iq5B.jpg', 'Mumbai1', '1970-08-12T18:30:00Z', 'offline1', 'Optional(true)', 'singleFamily', 'yes', 'Studio,Carport,Cottage', 'Optional(1990)', '33', 'Electrical,Water,Natural gas,Private water system,Private propane storage', 1, '2023-01-04 13:36:37', '2023-01-04 13:36:37'),
(1312, 11, 'uploads/form/R6b4qFbjile0e2thvKZkOt95SdSjVrYPssQvulNv.jpg', 'Hshsh', '2023-01-04T18:30:00Z', 'Hzhsh', 'Optional(false)', 'manufactured', 'yesNotDetermined', 'Studio', 'Optional(2001)', '22', 'Natural gas', 1, '2023-01-05 04:41:05', '2023-01-05 04:41:05'),
(1313, 11, 'uploads/form/nOQn6k9JWRnN9mHWvF5iXH6YF6ZzyJb2tEbZvSbY.jpg', 'Jshs', '2023-01-04T18:30:00Z', 'Babsha', 'Optional(true)', 'attachedTown', 'yes', 'Not inspected', 'Optional(2022)', '1', 'Water', 1, '2023-01-05 04:41:55', '2023-01-05 04:41:55'),
(1314, 11, 'uploads/form/kg8UGJDJmvNBz2WACG8CuyWLT61vpl31M1svnfig.jpg', 'Vvfd', '2023-01-04T18:30:00Z', 'Cddwg', 'Optional(true)', 'attachedTown', 'yesNotDetermined', 'Detached garage', 'Optional(2012)', '11', NULL, 1, '2023-01-05 04:43:48', '2023-01-05 04:43:48'),
(1384, 11, 'uploads/form/1S9VcXyMG7EHwU2luGbbh1gebn7oBuPqQrt8r59x.jpg', 'Cvcc', '2023-01-08T18:30:00Z', 'Cfffffd', 'Optional(true)', 'attachedTown', 'yesNotDetermined', 'Detached garage', 'Optional(2012)', '11', 'Water', 1, '2023-01-09 09:00:20', '2023-01-09 09:00:20'),
(1385, 11, 'uploads/form/HUXHAkYo6zRsWvX6cKY8jH9K805PhUAmzFeURJbC.jpg', 'Vvvvvvc', '2023-01-08T18:30:00Z', 'Bbv', 'Optional(false)', 'singleFamily', 'yesNotDetermined', 'No', 'Optional(2012)', '11', 'Electrical,Natural gas,Water,Private water system,Private propane storage', 1, '2023-01-09 09:01:05', '2023-01-09 09:01:05'),
(1396, 10, NULL, 'Fdgd', '1962-02-19T18:30:00Z', 'Fgdf', 'nil', NULL, NULL, NULL, 'nil', NULL, NULL, 1, '2023-01-10 05:31:37', '2023-01-10 12:00:48'),
(1397, 10, NULL, 'Fghg', '1949-02-12T18:30:00Z', 'Chic', 'nil', NULL, NULL, NULL, 'nil', NULL, NULL, 1, '2023-01-10 06:02:06', '2023-01-10 12:00:48'),
(1398, 11, 'uploads/form/UjxdT1zjRwwECWa0YKr1aPKyK9Vk1WqXRsBUKj1x.jpg', 'Skdnsdn', '2023-01-09T18:30:00Z', 'Sndjdjss', 'Optional(false)', 'singleFamily', 'yesNotDetermined', 'Not inspected', 'Optional(2012)', '11', 'Electrical,Water,Private water system,Private propane storage,Natural gas', 1, '2023-01-10 08:00:22', '2023-01-10 08:00:22'),
(1401, 16, NULL, 'noida', '2023-01-10T00:00:00Z', 'shivani', 'nil', NULL, NULL, NULL, 'nil', NULL, NULL, 1, '2023-01-10 09:40:56', '2023-01-10 09:40:56'),
(1402, 16, 'uploads/form/KM7AKjgugkAfPT1cyROArmOieMr2PDAJC9XZ3X24.jpg', 'Mumbai', '1999-12-12T00:00:00Z', 'Shivani2', 'nil', NULL, NULL, NULL, 'nil', NULL, NULL, 1, '2023-01-10 09:52:11', '2023-01-10 11:01:04'),
(1404, 16, 'uploads/form/VTsIzK3UdznQef37ICLf76NRIqql0O3fQpBHWj7M.jpg', 'Delhi', '2010-12-10T00:00:00Z', 'New1', 'Optional(true)', 'attachedTown', NULL, 'Detached garage', 'nil', NULL, NULL, 1, '2023-01-10 10:32:08', '2023-01-11 10:30:34'),
(1408, 19, 'uploads/form/qj0FwuzTQhTsmAx3izvE8e5kGgT9FvCqvLqWKIQy.jpg', 'Mumbai', '2013-12-22T18:30:00Z', 'test43', 'Optional(true)', 'singleFamily', 'yes', 'Detached garage,Studio,Cottage,Carport', 'Optional(1990)', '33', 'Electrical,Water,Natural gas,Private water system,Private propane storage', 1, '2023-01-10 13:19:32', '2023-01-10 13:19:32'),
(1413, 17, 'uploads/form/6WHYuqNI4nFSWzS7J6c8ssugsspHoksSVw5gEaVx.jpg', 'VICTORIA HOUSE', '2023-01-10T08:00:00Z', 'MR VICTORIA', 'nil', NULL, NULL, NULL, 'nil', NULL, NULL, 1, '2023-01-10 15:34:12', '2023-01-10 15:34:12'),
(1414, 17, 'uploads/form/PSzx2bsJ1PHO4Pwk10DQZx1fkO7iwu9pUbJyjZuP.jpg', 'ESQUIMALT HOUSE', '2023-01-10T08:00:00Z', 'MR ESQUIMALT', 'nil', NULL, NULL, NULL, 'nil', NULL, NULL, 1, '2023-01-10 15:40:14', '2023-01-10 15:40:14'),
(1415, 17, 'uploads/form/6QFfBvLs1leqwa4yU1zMebdlpvFL9crUzjo2Cd6M.jpg', 'ESQUIMALT HOUSE', '2023-01-10T08:00:00Z', 'MR ESQ', 'nil', NULL, NULL, NULL, 'nil', NULL, NULL, 1, '2023-01-10 15:40:15', '2023-01-10 15:40:15'),
(1417, 19, 'uploads/form/0jhbUYe4sQITpKOUEE61kngvkh8rOOV0CGlNFZlB.jpg', 'delhi', '2013-12-20T18:30:00Z', 'testing', 'Optional(true)', 'singleFamily', 'yes', 'Detached garage,Studio,Cottage,Carport', 'Optional(2000)', '23', 'Electrical,Water,Natural gas,Private water system,Private propane storage', 1, '2023-01-11 13:37:44', '2023-01-11 13:37:44');

-- --------------------------------------------------------

--
-- Table structure for table `comments`
--

CREATE TABLE `comments` (
  `id` int NOT NULL,
  `inspector_id` int UNSIGNED NOT NULL,
  `sub_cat_id` int NOT NULL,
  `client_id` int NOT NULL,
  `comments` text,
  `status` int DEFAULT '1',
  `created_at` timestamp NULL DEFAULT NULL,
  `updated_at` timestamp NULL DEFAULT NULL
) ENGINE=InnoDB DEFAULT CHARSET=utf8mb4 COLLATE=utf8mb4_0900_ai_ci;

--
-- Dumping data for table `comments`
--

INSERT INTO `comments` (`id`, `inspector_id`, `sub_cat_id`, `client_id`, `comments`, `status`, `created_at`, `updated_at`) VALUES
(4, 16, 3, 629, 'comment section.', 1, '2022-11-23 12:09:59', '2022-11-25 09:59:48'),
(5, 16, 2, 629, 'It is a long established fact that a reader will be distracted by the readable content of a page when looking at its layout.', 1, '2022-11-23 12:10:15', '2022-11-23 12:10:15'),
(6, 16, 3, 629, 'It is a long established fact that a reader will be distracted by the readable content of a page when looking at its layout.', 1, '2022-11-23 12:11:03', '2022-11-23 12:11:03'),
(7, 16, 4, 629, 'It is a long established fact that a reader will be distracted by the readable content of a page when looking at its layout.', 1, '2022-11-23 12:11:17', '2022-11-23 12:11:17'),
(8, 16, 4, 629, 'This is a comment section.', 1, '2022-11-23 12:11:51', '2022-11-23 12:11:51'),
(9, 16, 4, 629, 'This is a comment section.', 1, '2022-11-23 12:15:43', '2022-11-23 12:15:43'),
(10, 16, 4, 629, NULL, 1, '2022-11-23 12:29:31', '2022-11-23 12:29:31'),
(11, 16, 4, 629, NULL, 1, '2022-11-24 12:51:05', '2022-11-24 12:51:05'),
(15, 16, 2, 629, NULL, 1, '2022-11-24 13:25:58', '2022-11-24 13:25:58'),
(17, 16, 36, 629, NULL, 1, '2022-11-24 13:26:23', '2022-11-24 13:26:23'),
(18, 16, 36, 629, NULL, 1, '2022-11-24 13:26:25', '2022-11-24 13:26:25'),
(20, 16, 2, 629, NULL, 1, '2022-11-24 13:28:39', '2022-11-24 13:28:39'),
(21, 16, 2, 629, NULL, 1, '2022-11-24 13:29:47', '2022-11-24 13:29:47'),
(23, 16, 2, 629, NULL, 1, '2022-11-24 13:30:17', '2022-11-24 13:30:17'),
(24, 16, 2, 645, NULL, 1, '2022-11-25 09:31:54', '2022-11-25 09:31:54'),
(25, 16, 2, 645, 'This is Comment section', 1, '2022-11-25 09:59:02', '2022-11-25 09:59:02'),
(26, 10, 1, 645, 'It is a long established fact that a reader will be distracted by the readable content of a page when looking at its layout.', 1, '2022-11-25 10:06:05', '2022-11-25 10:06:05'),
(27, 16, 2, 645, 'This is comment section', 1, '2022-11-25 10:07:44', '2022-11-25 10:07:44'),
(28, 10, 1, 645, 'It is a long established fact that a reader will be distracted by the readable content of a page when looking at its layout.', 1, '2022-11-25 10:13:00', '2022-11-25 10:13:00'),
(29, 10, 1, 645, 'It is a long established fact that a reader will be distracted by the readable content of a page when looking at its layout.', 1, '2022-11-25 10:13:02', '2022-11-25 10:13:02'),
(35, 16, 12, 736, 'This is comment section', 1, '2022-12-08 12:39:53', '2022-12-08 12:39:53'),
(36, 16, 12, 736, 'This is comment section', 1, '2022-12-08 13:21:23', '2022-12-08 13:21:23'),
(37, 16, 12, 736, 'This is comment section', 1, '2022-12-08 13:21:27', '2022-12-08 13:21:27');

-- --------------------------------------------------------

--
-- Table structure for table `failed_jobs`
--

CREATE TABLE `failed_jobs` (
  `id` bigint UNSIGNED NOT NULL,
  `uuid` varchar(255) CHARACTER SET utf8mb4 COLLATE utf8mb4_unicode_ci NOT NULL,
  `connection` text CHARACTER SET utf8mb4 COLLATE utf8mb4_unicode_ci NOT NULL,
  `queue` text CHARACTER SET utf8mb4 COLLATE utf8mb4_unicode_ci NOT NULL,
  `payload` longtext CHARACTER SET utf8mb4 COLLATE utf8mb4_unicode_ci NOT NULL,
  `exception` longtext CHARACTER SET utf8mb4 COLLATE utf8mb4_unicode_ci NOT NULL,
  `failed_at` timestamp NOT NULL DEFAULT CURRENT_TIMESTAMP
) ENGINE=InnoDB DEFAULT CHARSET=utf8mb4 COLLATE=utf8mb4_unicode_ci;

-- --------------------------------------------------------

--
-- Table structure for table `form_categories`
--

CREATE TABLE `form_categories` (
  `id` int NOT NULL,
  `cat_name` varchar(255) NOT NULL,
  `status` int DEFAULT '1',
  `created_at` timestamp NULL DEFAULT NULL,
  `updated_at` timestamp NULL DEFAULT NULL
) ENGINE=InnoDB DEFAULT CHARSET=utf8mb4 COLLATE=utf8mb4_0900_ai_ci;

--
-- Dumping data for table `form_categories`
--

INSERT INTO `form_categories` (`id`, `cat_name`, `status`, `created_at`, `updated_at`) VALUES
(1, 'Site', 1, '2022-10-13 09:23:30', '2022-10-13 09:23:30'),
(2, 'Roof', 1, '2022-10-13 09:23:51', '2022-10-13 09:23:51'),
(3, 'Exterior', 1, '2022-10-13 09:24:34', '2022-10-13 09:24:34'),
(4, 'Decks, Exterior Structures', 1, '2022-10-13 09:24:34', '2022-10-13 09:24:34'),
(5, 'Structure', 1, '2022-10-13 09:24:34', '2022-10-13 09:24:34'),
(6, 'Electrical', 1, '2022-10-13 09:24:34', '2022-10-13 09:24:34'),
(7, 'Plumbing\r\n', 1, '2022-10-13 09:24:34', '2022-10-13 09:24:34'),
(8, 'Heating & Cooling', 1, '2022-10-13 09:24:34', '2022-10-13 09:24:34'),
(9, 'Insulation & Ventilation', 1, '2022-10-13 09:24:34', '2022-10-13 09:24:34'),
(10, 'Interior', 1, '2022-10-13 09:24:34', '2022-10-13 09:24:34'),
(11, 'Summary', 1, '2022-11-09 11:09:43', '2022-11-09 11:09:43');

-- --------------------------------------------------------

--
-- Table structure for table `form_sub_categories`
--

CREATE TABLE `form_sub_categories` (
  `id` int NOT NULL,
  `cat_id` int DEFAULT NULL,
  `sub_cat_name` varchar(255) DEFAULT NULL,
  `status` int DEFAULT '1',
  `created_at` timestamp NULL DEFAULT NULL,
  `updated_at` timestamp NULL DEFAULT NULL
) ENGINE=InnoDB DEFAULT CHARSET=utf8mb4 COLLATE=utf8mb4_0900_ai_ci;

--
-- Dumping data for table `form_sub_categories`
--

INSERT INTO `form_sub_categories` (`id`, `cat_id`, `sub_cat_name`, `status`, `created_at`, `updated_at`) VALUES
(1, 1, 'Grading & Drainage', 1, '2022-10-17 09:22:29', '2022-10-17 09:22:29'),
(2, 1, 'Walks & Drives', 1, '2022-10-17 09:22:29', '2022-10-17 09:22:29'),
(3, 2, 'Roof Covering', 1, '2022-10-17 09:27:52', '2022-10-17 09:27:52'),
(4, 2, 'Roof Drainage\r\n', 1, '2022-10-17 09:27:52', '2022-10-17 09:27:52'),
(5, 2, 'Skylights\r\n', 1, '2022-10-17 09:29:15', '2022-10-17 09:29:15'),
(6, 2, 'Chimney', 1, '2022-10-17 09:29:50', '2022-10-17 09:29:50'),
(7, 3, 'Walls, Soffits & Fascia', 1, '2022-10-17 09:30:53', '2022-10-17 09:30:53'),
(8, 3, 'Windows', 1, '2022-10-17 09:30:53', '2022-10-17 09:30:53'),
(9, 3, 'Doors', 1, '2022-10-17 09:31:30', '2022-10-17 09:31:30'),
(10, 4, 'Decks, Porches, Balconies', 1, '2022-10-17 09:32:15', '2022-10-17 09:32:15'),
(11, 4, 'Detached Structure', 1, '2022-10-17 09:32:15', '2022-10-17 09:32:15'),
(12, 5, 'General Construction', 1, '2022-10-17 09:33:00', '2022-10-17 09:33:00'),
(13, 6, 'Service Entrance, Panels & Main Disconnect', 1, '2022-10-17 09:33:23', '2022-10-17 09:33:23'),
(14, 6, 'Circuit Wiring & Distribution', 1, '2022-10-17 09:33:23', '2022-10-17 09:33:23'),
(15, 7, 'Main Shut-off', 1, '2022-10-17 09:34:25', '2022-10-17 09:34:25'),
(16, 7, 'Distribution Plumbing', 1, '2022-10-17 09:34:25', '2022-10-17 09:34:25'),
(17, 7, 'Fixtures & Faucets', 1, '2022-10-17 09:35:06', '2022-10-17 09:35:06'),
(18, 7, 'Drain, Waste & Vent Piping', 1, '2022-10-17 09:35:32', '2022-10-17 09:35:32'),
(19, 7, 'Ejector Pump', 1, '2022-10-17 09:35:58', '2022-10-17 09:35:58'),
(20, 7, 'Domestic Hot Water', 1, '2022-10-17 09:36:21', '2022-10-17 09:36:21'),
(21, 8, 'Principal Heat', 1, '2022-10-17 09:37:06', '2022-10-17 09:37:06'),
(22, 8, 'Supplementary Heat', 1, '2022-10-17 09:37:06', '2022-10-17 09:37:06'),
(23, 8, 'Fuel Storage', 1, '2022-10-17 09:37:56', '2022-10-17 09:37:56'),
(24, 8, 'Wood Burning Fireplaces', 1, '2022-10-17 09:38:24', '2022-10-17 09:38:24'),
(25, 8, 'Wood Burning Stoves', 1, '2022-10-17 09:38:45', '2022-10-17 09:38:45'),
(26, 9, 'Attics', 1, '2022-10-17 09:39:33', '2022-10-17 09:39:33'),
(27, 9, 'Exterior Walls', 1, '2022-10-17 09:39:33', '2022-10-17 09:39:33'),
(28, 9, 'Crawlspaces', 1, '2022-10-17 09:40:15', '2022-10-17 09:40:15'),
(29, 9, 'Mechanical Ventilation', 1, '2022-10-17 09:40:32', '2022-10-17 09:40:32'),
(30, 10, 'Walls, Floors, Doors & Stairways', 1, '2022-10-17 09:41:12', '2022-10-17 09:41:12'),
(31, 10, 'Kitchens', 1, '2022-10-17 09:41:12', '2022-10-17 09:41:12'),
(32, 10, 'Bathrooms', 1, '2022-10-17 09:41:49', '2022-10-17 09:41:49'),
(33, 10, 'Laundry Equipment', 1, '2022-10-17 09:42:06', '2022-10-17 09:42:06'),
(34, 10, 'Garage Interior', 1, '2022-10-17 09:42:24', '2022-10-17 09:42:24'),
(35, 10, 'Rodents, Pests', 1, '2022-10-17 09:42:42', '2022-10-17 09:42:42'),
(36, 10, 'Smoke/Carbon Monoxide Alarms', 1, '2022-10-17 09:43:01', '2022-10-17 09:43:01'),
(37, 11, 'Subcategory for Summary', 1, '2022-11-28 15:32:54', '2022-11-28 15:32:54');

-- --------------------------------------------------------

--
-- Table structure for table `images`
--

CREATE TABLE `images` (
  `id` int NOT NULL,
  `sub_cat_id` int NOT NULL,
  `client_id` int NOT NULL,
  `comment_id` int NOT NULL,
  `image_path` varchar(255) DEFAULT NULL,
  `status` int DEFAULT '1',
  `created_at` timestamp NULL DEFAULT NULL,
  `updated_at` timestamp NULL DEFAULT NULL
) ENGINE=InnoDB DEFAULT CHARSET=utf8mb4 COLLATE=utf8mb4_0900_ai_ci;

--
-- Dumping data for table `images`
--

INSERT INTO `images` (`id`, `sub_cat_id`, `client_id`, `comment_id`, `image_path`, `status`, `created_at`, `updated_at`) VALUES
(2, 2, 629, 4, NULL, 1, '2022-11-23 12:09:59', '2022-11-23 12:09:59'),
(3, 2, 629, 5, NULL, 1, '2022-11-23 12:10:15', '2022-11-23 12:10:15'),
(4, 3, 629, 6, NULL, 1, '2022-11-23 12:11:03', '2022-11-23 12:11:03'),
(5, 4, 629, 7, NULL, 1, '2022-11-23 12:11:17', '2022-11-23 12:11:17'),
(6, 4, 629, 8, NULL, 1, '2022-11-23 12:11:51', '2022-11-23 12:11:51'),
(7, 4, 629, 9, NULL, 1, '2022-11-23 12:15:43', '2022-11-23 12:15:43'),
(8, 4, 629, 10, NULL, 1, '2022-11-23 12:29:31', '2022-11-23 12:29:31'),
(9, 4, 629, 11, NULL, 1, '2022-11-24 12:51:05', '2022-11-24 12:51:05'),
(11, 2, 629, 15, NULL, 1, '2022-11-24 13:25:58', '2022-11-24 13:25:58'),
(12, 36, 629, 17, NULL, 1, '2022-11-24 13:26:23', '2022-11-24 13:26:23'),
(13, 36, 629, 18, NULL, 1, '2022-11-24 13:26:25', '2022-11-24 13:26:25'),
(14, 2, 629, 20, NULL, 1, '2022-11-24 13:28:39', '2022-11-24 13:28:39'),
(15, 2, 629, 21, NULL, 1, '2022-11-24 13:29:47', '2022-11-24 13:29:47'),
(16, 2, 629, 23, NULL, 1, '2022-11-24 13:30:17', '2022-11-24 13:30:17'),
(17, 2, 645, 24, NULL, 1, '2022-11-25 09:31:54', '2022-11-25 09:31:54'),
(18, 2, 645, 25, NULL, 1, '2022-11-25 09:59:02', '2022-11-25 09:59:02'),
(19, 1, 645, 26, 'uploads/form/AY6vMfDHMyUccphbbu5pNn8HRqJPdj6gozTC4Ls7.png', 1, '2022-11-25 10:06:05', '2022-11-25 10:06:05'),
(20, 2, 645, 27, 'uploads/form/sTQh8sX1yMyHlLoM31DMm6DeGBpwbobInKBb4wZ2.webp', 1, '2022-11-25 10:07:44', '2022-11-25 10:07:44'),
(21, 1, 645, 28, 'uploads/form/lhiGIQ34bNX5jm7LpKJcZdfxhxgMQ2wOqAqjZ5lK.png', 1, '2022-11-25 10:13:00', '2022-11-25 10:13:00'),
(22, 1, 645, 29, 'uploads/form/a3RF2tmMPRTW5BNkhuEEEtcAJvalfhIpem9dri3o.png', 1, '2022-11-25 10:13:02', '2022-11-25 10:13:02'),
(25, 12, 736, 35, 'uploads/form/dKX6Z4f7Zeq7umMSXo7Iom7CLbdWU26pLrqCh4U0.webp', 1, '2022-12-08 12:39:53', '2022-12-08 12:39:53'),
(26, 12, 736, 36, 'uploads/form/wB56LPbLZqIxjrfaY23S9qLEb80wQxENk2DKv8s4.webp', 1, '2022-12-08 13:21:23', '2022-12-08 13:21:23'),
(27, 12, 736, 37, 'uploads/form/lwGNSM1aHYK6yp7tl7EB3QGsLNCiuvF0WVA9Jpov.webp', 1, '2022-12-08 13:21:27', '2022-12-08 13:21:27');

-- --------------------------------------------------------

--
-- Table structure for table `inspectors`
--

CREATE TABLE `inspectors` (
  `id` int UNSIGNED NOT NULL,
  `first_name` varchar(255) CHARACTER SET utf8mb4 COLLATE utf8mb4_unicode_ci NOT NULL,
  `last_name` varchar(255) CHARACTER SET utf8mb4 COLLATE utf8mb4_unicode_ci NOT NULL,
  `email` varchar(255) CHARACTER SET utf8mb4 COLLATE utf8mb4_unicode_ci NOT NULL,
  `email_verified_at` timestamp NULL DEFAULT NULL,
  `password` varchar(255) CHARACTER SET utf8mb4 COLLATE utf8mb4_unicode_ci DEFAULT NULL,
  `status` tinyint(1) NOT NULL DEFAULT '0',
  `avatar` varchar(255) CHARACTER SET utf8mb4 COLLATE utf8mb4_unicode_ci DEFAULT NULL,
  `phone` varchar(255) CHARACTER SET utf8mb4 COLLATE utf8mb4_unicode_ci DEFAULT NULL,
  `company` varchar(255) CHARACTER SET utf8mb4 COLLATE utf8mb4_unicode_ci DEFAULT NULL,
  `membership` varchar(255) CHARACTER SET utf8mb4 COLLATE utf8mb4_unicode_ci DEFAULT NULL,
  `address` varchar(255) CHARACTER SET utf8mb4 COLLATE utf8mb4_unicode_ci DEFAULT NULL,
  `region_id` int UNSIGNED DEFAULT NULL,
  `remember_token` varchar(100) CHARACTER SET utf8mb4 COLLATE utf8mb4_unicode_ci DEFAULT NULL,
  `created_at` timestamp NULL DEFAULT NULL,
  `updated_at` timestamp NULL DEFAULT NULL
) ENGINE=InnoDB DEFAULT CHARSET=utf8mb4 COLLATE=utf8mb4_unicode_ci;

--
-- Dumping data for table `inspectors`
--

INSERT INTO `inspectors` (`id`, `first_name`, `last_name`, `email`, `email_verified_at`, `password`, `status`, `avatar`, `phone`, `company`, `membership`, `address`, `region_id`, `remember_token`, `created_at`, `updated_at`) VALUES
(8, 'Test Inspector', 'Last Name', 'test@testmail.com', NULL, '$2y$10$uSpVsH0MkGoJlSWDERS7s.kKp.4hlIsE4EatZb1sKaCf9mq1Ikeui', 0, NULL, NULL, NULL, NULL, NULL, 5, NULL, '2022-08-12 08:33:01', '2022-08-12 08:33:01'),
(9, 'Debajit', 'test', 'debajitbh@yopmail.com', NULL, '$2y$10$xfbOtLEty0IORZOejK/MGuGqy8hMnXFCRxAF.7pOkei0dR7Lsp5ri', 1, NULL, '5455456455', 'Test', 'Test', 'qriwo3', 4, NULL, '2022-08-12 10:35:13', '2022-08-18 13:43:22'),
(10, 'reetu', 'rathore', 'jack@mail.com', NULL, '$2y$10$5VSgtvPbEkS54qBeHRtdJOMfdHRGcIVmNhlxnn1.WEKTAjjOu1uVi', 1, 'uploads/2g9ZzMTlbuspRBt1p6LGfhQVH6b18g5ZKowEHRk2.jpg', '7404584610', 'Home inspectors 123', 'Fff', 'Vicee', 2, NULL, '2022-08-16 08:25:14', '2022-11-11 09:33:05'),
(11, 'test 12', 'test', 'test45@yopmail.com', NULL, '$2y$10$8AU.AlexZGjxuADLyWPCGOFUuR8QrOTcTXrae5WZDjjzy38A11sDy', 1, 'uploads/bNSMZAQNrvW2ui1OrcpPlkFuDIFzU3ArzW1mFsZl.jpg', '9999999999', 'abc', 'test', 'Delhi', 6, NULL, '2022-08-16 12:02:59', '2022-11-23 20:16:28'),
(12, 'Debajit', 'Test', 'bhtest@yopmail.com', NULL, '$2y$10$baH6pwUiwpy2FM9dJ.JVbubFMbOEqavif2TJO4L7/Ne9SlZ3uQIeC', 1, NULL, '5422134887', 'Test', 'Tatsgfs', 'Noida', 8, NULL, '2022-08-26 07:50:37', '2022-08-26 07:52:45'),
(13, 'prerna', 'negi', 'prerna.negi@algoworks.com', NULL, '$2y$10$kLoLNxFPo2yDsRbCgAnYA.1clPZT8E1ADqZmF1Wq9w3HeLBiL/T3S', 1, NULL, '9502221376', 'Algoworks', '12345678', 'Noida', 1, NULL, '2022-08-30 06:41:14', '2022-08-30 08:17:11'),
(14, 'Amit', 'Kumar Singh', 'amit008.com@gmail.com', NULL, '$2y$10$JQUA2pChjTCQDNL4VLHBPOdq.NQzzp2gC8QozdCpH479BAJ3RHxOW', 1, NULL, NULL, NULL, NULL, NULL, 1, NULL, '2022-09-15 00:40:37', '2022-09-15 00:40:37'),
(15, 'test', 'test', 'abc341@yopmail.com', NULL, '$2y$10$KYHS7IxG87bSA8Nln6WHiOy4S9o5bE9DWWOVV9HLlX1FXS/BHlr0K', 1, NULL, '9999999999', 'New', 'abc', 'Delhi', 1, NULL, '2022-11-15 15:21:36', '2022-11-15 15:26:56'),
(16, 'john', 'john', 'ss22@yopmail.com', NULL, '$2y$10$BaGMz3536Yfkmu8wohn8deu90xS3Z6bsuUYg.lN.MFvBlg4dYwLT2', 1, 'uploads/NrwsOCHQEUfvOcH6Mx4TLe7bX0sLU5Zn9rO1B2CD.jpg', '9999999999', 'abc', 'new', 'delhi', 2, NULL, '2022-11-21 05:38:07', '2022-12-19 09:20:20'),
(17, 'James', 'Tillapaugh', 'james@bloodhound.ca', NULL, '$2y$10$ht4QJWjImHJFE87oDjdhpuiaKYlTCiVqCZxF/ZNGn3JAMsAk8Z/6S', 1, 'uploads/11ZC8uI8opVklNZWClWH2MmuW9MdwStT2SvUV9kC.jpg', '2508932070', 'Bloodhound Home Inspectors LTD', 'CPBC# 67877', '1331 Arm Street, Victoria, BC', 1, NULL, '2022-11-29 15:38:48', '2022-11-29 15:43:42'),
(18, 'Dev', 'test', 'devtest@yopmail.com', NULL, '$2y$10$a/yhQB23FwUWRmBN3mhl6OYj7aDPuL/uaiaMY2gd1xFUhx.M9.RvW', 1, 'uploads/8AYl0bdadDfTd3Nrh5A7mPZJyWz4apDIc0NleHNw.jpg', '5428184854', 'test', 'test', 'test', 6, NULL, '2022-12-16 09:01:39', '2022-12-16 09:13:10'),
(19, 'dev', 'test2', 'devtest2@yopmail.com', NULL, '$2y$10$jtCZssShd1V.nq47k3EEfObDYY0y/4SMw5Ad9Yd3SoBLMXxzayhHO', 1, NULL, '5487221367', 'testco', 'esthfff', 'delhi', 7, NULL, '2023-01-03 13:19:18', '2023-01-04 08:11:03'),
(20, 'Dev', 'test3', 'devtest3@yopmail.com', NULL, '$2y$10$UfpN/.tZNVvXv7PBu3y9zuYaGP7ZxJOclgU1KvGPWlBnYr8mCBrjW', 1, 'uploads/9dU9FbdwUfnAsshMRKnPqEwRrmO8sLYV11IX6Ubd.jpg', '8955412368', 'test3', 'test123', 'delhi', 7, NULL, '2023-01-04 05:21:33', '2023-01-04 13:35:43');

-- --------------------------------------------------------

--
-- Table structure for table `migrations`
--

CREATE TABLE `migrations` (
  `id` int UNSIGNED NOT NULL,
  `migration` varchar(255) CHARACTER SET utf8mb4 COLLATE utf8mb4_unicode_ci NOT NULL,
  `batch` int NOT NULL
) ENGINE=InnoDB DEFAULT CHARSET=utf8mb4 COLLATE=utf8mb4_unicode_ci;

--
-- Dumping data for table `migrations`
--

INSERT INTO `migrations` (`id`, `migration`, `batch`) VALUES
(1, '2014_10_12_000000_create_users_table', 1),
(2, '2014_10_12_100000_create_password_resets_table', 1),
(3, '2019_08_19_000000_create_failed_jobs_table', 1),
(4, '2021_04_13_093917_added_fields_avatar_first_last_name_users_table', 2),
(5, '2021_04_15_073858_create_regions_table', 2);

-- --------------------------------------------------------

--
-- Table structure for table `narratives`
--

CREATE TABLE `narratives` (
  `id` int NOT NULL,
  `cat_id` int NOT NULL,
  `sub_cat_id` int NOT NULL,
  `inspector_id` int UNSIGNED NOT NULL,
  `narratives_title` text,
  `narratives_text` text,
  `status` int DEFAULT '1',
  `created_at` timestamp NULL DEFAULT NULL,
  `updated_at` timestamp NULL DEFAULT NULL
) ENGINE=InnoDB DEFAULT CHARSET=utf8mb4 COLLATE=utf8mb4_0900_ai_ci;

--
-- Dumping data for table `narratives`
--

INSERT INTO `narratives` (`id`, `cat_id`, `sub_cat_id`, `inspector_id`, `narratives_title`, `narratives_text`, `status`, `created_at`, `updated_at`) VALUES
(4, 1, 1, 11, 'Title', 'Test', 1, '2022-11-07 10:30:33', '2022-11-07 10:30:33'),
(15, 10, 12, 11, 'Title', 'Test test test', 1, '2022-11-07 13:54:56', '2022-11-07 13:54:56'),
(16, 2, 3, 11, 'Title', 'Test test test', 1, '2022-11-07 13:57:10', '2022-11-07 13:57:10'),
(17, 3, 13, 11, 'Title', 'Test test test', 1, '2022-11-09 06:23:43', '2022-11-09 06:23:43'),
(18, 6, 6, 11, 'Title', 'Test test test', 1, '2022-11-09 13:19:17', '2022-11-09 13:19:17'),
(19, 6, 6, 11, 'Title', 'Test test test', 1, '2022-11-09 13:22:30', '2022-11-09 13:22:30'),
(20, 6, 6, 11, 'Title', 'Test test test', 1, '2022-11-16 06:50:08', '2022-11-16 06:50:08'),
(21, 6, 6, 11, 'Title', 'Test test test', 1, '2022-11-16 12:07:22', '2022-11-16 12:07:22'),
(22, 6, 6, 11, 'Title', 'Test test test', 1, '2022-11-16 12:19:36', '2022-11-16 12:19:36');

-- --------------------------------------------------------

--
-- Table structure for table `password_resets`
--

CREATE TABLE `password_resets` (
  `email` varchar(255) CHARACTER SET utf8mb4 COLLATE utf8mb4_unicode_ci NOT NULL,
  `token` varchar(255) CHARACTER SET utf8mb4 COLLATE utf8mb4_unicode_ci NOT NULL,
  `created_at` timestamp NULL DEFAULT NULL
) ENGINE=InnoDB DEFAULT CHARSET=utf8mb4 COLLATE=utf8mb4_unicode_ci;

--
-- Dumping data for table `password_resets`
--

INSERT INTO `password_resets` (`email`, `token`, `created_at`) VALUES
('jack@mail.com', '$2y$10$po4UHhEjUeG34TkH4HvU4uppAkn3VnKbnZRtsnYBvDXM55ybNJbiS', '2022-09-09 08:12:33'),
('bhtest@yopmail.com', '$2y$10$OWLoB44mulE.EXJ8YdgsWuplTOJbHDGQnTAxsKJ5lv7cL4TeH3FD2', '2022-09-09 09:12:23'),
('amitk.singh@algoworks.com', '$2y$10$bqLrTlnVRBbIRYd0b9xQOeVTxzkQ94QwfFLYaRS7Jis8VVgRmADa2', '2022-09-15 07:31:08'),
('amit008.com@gmail.com', '$2y$10$UO2cVsTbzr2qCQhhLtuckukvi7f2M/STbcp6BdUcYdVj4RugNlrbi', '2022-09-27 06:18:42'),
('test45@yopmail.com', '$2y$10$XjkyjKfHkyOPhhHUVrOAzePeuZgHjKtwq1BlKyB38tBNSCt8pN.4O', '2022-11-02 07:06:41'),
('ss22@yopmail.com', '$2y$10$y1sZVDYq6xmaOjtUrM5MqO9J8GgZO03cpkzwHlz1dNaBPU4wR5mTe', '2023-01-04 07:57:53');

-- --------------------------------------------------------

--
-- Table structure for table `questions`
--

CREATE TABLE `questions` (
  `id` int NOT NULL,
  `cat_id` int DEFAULT NULL,
  `sub_cat_id` int DEFAULT NULL,
  `question_name` varchar(255) DEFAULT NULL,
  `status` int DEFAULT '1',
  `created_at` timestamp NULL DEFAULT NULL,
  `updated_at` timestamp NULL DEFAULT NULL
) ENGINE=InnoDB DEFAULT CHARSET=utf8mb4 COLLATE=utf8mb4_0900_ai_ci;

--
-- Dumping data for table `questions`
--

INSERT INTO `questions` (`id`, `cat_id`, `sub_cat_id`, `question_name`, `status`, `created_at`, `updated_at`) VALUES
(1, NULL, 1, 'Surface grading', 1, '2022-10-19 06:33:50', '2022-10-19 06:33:50'),
(2, NULL, 1, 'Roof water discharge', 1, '2022-10-19 06:33:50', '2022-10-19 06:33:50'),
(3, NULL, 1, 'Foundation wall damp-proofing/membrane', 1, '2022-10-19 06:38:41', '2022-10-19 06:38:41'),
(4, NULL, 1, 'Below grade perimeter drains', 1, '2022-10-19 06:38:57', '2022-10-19 06:38:57'),
(5, NULL, 1, 'Visible above grade materials', 1, '2022-10-19 06:39:14', '2022-10-19 06:39:14'),
(6, NULL, 1, 'Slab/floor drain', 1, '2022-10-19 06:39:34', '2022-10-19 06:39:34'),
(7, NULL, 1, 'Foundation or below grade seepage', 1, '2022-10-19 06:39:51', '2022-10-19 06:39:51'),
(8, NULL, 2, 'Driveways', 1, '2022-10-19 06:41:04', '2022-10-19 06:41:04'),
(9, NULL, 2, 'Walkways Leading to Dwelling Entrance', 1, '2022-10-19 06:41:04', '2022-10-19 06:41:04'),
(10, NULL, 2, 'Retaining Walls When Likely to Affect the Home', 1, '2022-10-19 06:41:48', '2022-10-19 06:41:48'),
(11, NULL, 3, 'Roof Covering', 1, '2022-10-19 06:51:09', '2022-10-19 06:51:09'),
(12, NULL, 3, 'Typical Service Life According to Industry', 1, '2022-10-19 06:51:09', '2022-10-19 06:51:09'),
(13, NULL, 3, 'Est Current Life Stages', 1, '2022-10-19 06:57:24', '2022-10-19 06:57:24'),
(14, NULL, 3, 'Precise Installation Date of Roof Covering', 1, '2022-10-19 06:57:44', '2022-10-19 06:57:44'),
(15, NULL, 3, 'Method used to Inspect the Roof', 1, '2022-10-19 06:58:01', '2022-10-19 06:58:01'),
(16, NULL, 3, 'Leaks detected', 1, '2022-10-19 06:58:18', '2022-10-19 06:58:18'),
(17, NULL, 4, 'Roof Water Management', 1, '2022-10-19 06:58:53', '2022-10-19 06:58:53'),
(18, NULL, 5, 'Skylight Styles', 1, '2022-10-19 06:59:31', '2022-10-19 06:59:31'),
(19, NULL, 5, 'Leaks Detected', 1, '2022-10-19 06:59:31', '2022-10-19 06:59:31'),
(20, NULL, 6, 'Chimney Construction', 1, '2022-10-19 07:00:37', '2022-10-19 07:00:37'),
(21, NULL, 6, 'Flues Appears Lined', 1, '2022-10-19 07:00:37', '2022-10-19 07:00:37'),
(22, NULL, 7, 'Wall Coverings:', 1, '2022-10-19 07:01:18', '2022-10-19 07:01:18'),
(23, NULL, 7, 'Roof Extension, Upper Wall Protection', 1, '2022-10-19 07:01:18', '2022-10-19 07:01:18'),
(24, NULL, 7, 'Soffit Finishes:', 1, '2022-10-19 07:02:20', '2022-10-19 07:02:20'),
(25, NULL, 7, 'Method Used to Inspect the Exterior Wall Elevations:', 1, '2022-10-19 07:02:50', '2022-10-19 07:02:50'),
(26, NULL, 8, 'Window Construction:', 1, '2022-10-19 07:06:06', '2022-10-19 07:06:06'),
(27, NULL, 8, 'Indication of Perished Air-Seals (fogged glass):', 1, '2022-10-19 07:06:06', '2022-10-19 07:06:06'),
(28, NULL, 8, 'Methods Used to Inspect Windows:', 1, '2022-10-19 07:06:52', '2022-10-19 07:06:52'),
(29, NULL, 9, 'Main Unit Entry Door:', 1, '2022-10-19 07:10:47', '2022-10-19 07:10:47'),
(30, NULL, 9, 'Secondary Doors:', 1, '2022-10-19 07:10:47', '2022-10-19 07:10:47'),
(31, NULL, 9, 'Garage Doors:', 1, '2022-10-19 07:11:28', '2022-10-19 07:11:28'),
(32, NULL, 10, 'Deck, Balcony Construction:', 1, '2022-10-19 08:06:21', '2022-10-19 08:06:21'),
(33, NULL, 10, 'Walking Surfaces:', 1, '2022-10-19 08:06:21', '2022-10-19 08:06:21'),
(34, NULL, 10, 'Guards and Railings:', 1, '2022-10-19 08:07:48', '2022-10-19 08:07:48'),
(35, NULL, 10, 'Gates:', 1, '2022-10-19 08:08:07', '2022-10-19 08:08:07'),
(36, NULL, 10, 'Fences:', 1, '2022-10-19 08:08:25', '2022-10-19 08:08:25'),
(37, NULL, 10, 'Additional Detached structures:', 1, '2022-10-19 08:08:43', '2022-10-19 08:08:43'),
(38, NULL, 11, 'Building Type:', 1, '2022-10-19 08:09:36', '2022-10-19 08:09:36'),
(39, NULL, 11, 'General Construction:', 1, '2022-10-19 08:09:36', '2022-10-19 08:09:36'),
(40, NULL, 11, 'Slab/ Floor:', 1, '2022-10-19 08:10:20', '2022-10-19 08:10:20'),
(41, NULL, 11, 'Conditioned/ Heated Space:', 1, '2022-10-19 08:10:37', '2022-10-19 08:10:37'),
(42, NULL, 11, 'Insulated:', 1, '2022-10-19 08:10:53', '2022-10-19 08:10:53'),
(43, NULL, 12, 'Foundation:', 1, '2022-10-19 08:11:27', '2022-10-19 08:11:27'),
(44, NULL, 12, 'Configuration:', 1, '2022-10-19 08:11:27', '2022-10-19 08:11:27'),
(45, NULL, 12, 'Superstructure:', 1, '2022-10-19 08:12:15', '2022-10-19 08:12:15'),
(46, NULL, 12, 'Floor Structure:', 1, '2022-10-19 08:14:26', '2022-10-19 08:14:26'),
(47, NULL, 12, 'Exterior Wall Structure:', 1, '2022-10-19 08:15:01', '2022-10-19 08:15:01'),
(48, NULL, 12, 'Ceiling Structure:', 1, '2022-10-19 08:17:06', '2022-10-19 08:17:06'),
(49, NULL, 12, 'Roof Structure:', 1, '2022-10-19 08:17:26', '2022-10-19 08:17:26'),
(50, NULL, 13, 'Service Entrance:', 1, '2022-10-19 08:18:29', '2022-10-19 08:18:29'),
(51, NULL, 13, 'Service Voltage Rating:', 1, '2022-10-19 08:18:29', '2022-10-19 08:18:29'),
(52, NULL, 13, 'Service Amperage Rating:', 1, '2022-10-19 08:19:17', '2022-10-19 08:19:17'),
(53, NULL, 13, 'Main Disconnect Location:', 1, '2022-10-19 08:19:36', '2022-10-19 08:19:36'),
(54, NULL, 13, 'Service Panel Manufacturer:', 1, '2022-10-19 08:19:56', '2022-10-19 08:19:56'),
(55, NULL, 13, 'Service Panel Max Rating:', 1, '2022-10-19 08:20:13', '2022-10-19 08:20:13'),
(56, NULL, 13, 'Over Current Protection/ Disconnects:', 1, '2022-10-19 08:20:30', '2022-10-19 08:20:30'),
(57, NULL, 13, 'Room for Additional Breakers:', 1, '2022-10-19 08:20:49', '2022-10-19 08:20:49'),
(58, NULL, 13, 'Sub Panel Locations:', 1, '2022-10-19 08:21:06', '2022-10-19 08:21:06'),
(59, NULL, 14, 'Circuit Wiring Methods:', 1, '2022-10-19 11:29:15', '2022-10-19 11:29:15'),
(60, NULL, 14, 'Exterior Outlets GFCI Protected (ground level):', 1, '2022-10-19 11:29:15', '2022-10-19 11:29:15'),
(61, NULL, 14, 'Bathroom Outlets GFCI Protected:', 1, '2022-10-19 11:31:35', '2022-10-19 11:31:35'),
(62, NULL, 14, 'Kitchen Outlets GFCI Protected (within 1.5 M of sinks):', 1, '2022-10-19 11:32:18', '2022-10-19 11:32:18'),
(63, NULL, 14, 'Arc Fault Circuit Interrupters Present (AFCI):', 1, '2022-10-19 11:32:36', '2022-10-19 11:32:36'),
(64, NULL, 14, 'Lights, Switches and Receptacles:', 1, '2022-10-19 11:32:54', '2022-10-19 11:32:54'),
(65, NULL, 15, 'Visible Service Entrance Piping:', 1, '2022-10-19 11:34:16', '2022-10-19 11:34:16'),
(66, NULL, 15, 'Main Shut-off Valve:', 1, '2022-10-19 11:34:16', '2022-10-19 11:34:16'),
(67, NULL, 15, 'Location of Main Shut-off Valve:', 1, '2022-10-19 11:35:05', '2022-10-19 11:35:05'),
(68, NULL, 15, 'Pressure Reducer Valve (PRV) Installed:', 1, '2022-10-19 11:35:31', '2022-10-19 11:35:31'),
(69, NULL, 15, 'Leaks Detected:', 1, '2022-10-19 11:35:52', '2022-10-19 11:35:52'),
(70, NULL, 16, 'Visible Distribution Piping Materials:', 1, '2022-10-19 11:37:14', '2022-10-19 11:37:14'),
(71, NULL, 16, 'Leaks Detected:', 1, '2022-10-19 11:37:14', '2022-10-19 11:37:14'),
(72, NULL, 17, 'Fixtures, Faucets, Taps, Exterior Hoses-bibs:', 1, '2022-10-19 11:38:24', '2022-10-19 11:38:24'),
(73, NULL, 17, 'Flush Adequacy of Toilets; Toilet Seats/Lids:', 1, '2022-10-19 11:38:24', '2022-10-19 11:38:24'),
(74, NULL, 17, 'Stored Items Blocked Visibility Under Cabinets:', 1, '2022-10-19 11:39:16', '2022-10-19 11:39:16'),
(75, NULL, 17, 'Leaks Detected:', 1, '2022-10-19 11:39:35', '2022-10-19 11:39:35'),
(76, NULL, 18, 'Visible Drain, Waste and Vent Piping:', 1, '2022-10-19 11:40:16', '2022-10-19 11:40:16'),
(77, NULL, 18, 'Main Stack:', 1, '2022-10-19 11:40:16', '2022-10-19 11:40:16'),
(78, NULL, 18, 'Leaks Detected:', 1, '2022-10-19 11:41:10', '2022-10-19 11:41:10'),
(79, NULL, 19, 'Pump Location:', 1, '2022-10-19 13:58:04', '2022-10-19 13:58:04'),
(80, NULL, 19, 'Vented to the Exterior:', 1, '2022-10-19 13:58:04', '2022-10-19 13:58:04'),
(81, NULL, 19, 'Backflow Preventer Installed:', 1, '2022-10-19 13:58:44', '2022-10-19 13:58:44'),
(82, NULL, 19, 'Pump Failure Alarm Installed:', 1, '2022-10-19 13:59:01', '2022-10-19 13:59:01'),
(83, NULL, 19, 'Methods Used to Inspect Ejector Pump:', 1, '2022-10-19 13:59:20', '2022-10-19 13:59:20'),
(84, NULL, 20, 'System Type and Energy Source:', 1, '2022-10-19 13:59:51', '2022-10-19 13:59:51'),
(85, NULL, 20, 'Manufactured by:', 1, '2022-10-19 13:59:51', '2022-10-19 13:59:51'),
(86, NULL, 20, 'Est. Date of Manufacture:', 1, '2022-10-19 14:00:32', '2022-10-19 14:00:32'),
(87, NULL, 20, 'Typical Service Life According to Industry:', 1, '2022-10-19 14:00:51', '2022-10-19 14:00:51'),
(88, NULL, 20, 'Tank Capacity:', 1, '2022-10-19 14:01:13', '2022-10-19 14:01:13'),
(89, NULL, 20, 'Tank Installed on a Drain-pan:', 1, '2022-10-19 14:01:29', '2022-10-19 14:01:29'),
(90, NULL, 20, 'Floor Drain in the Area:', 1, '2022-10-19 14:01:46', '2022-10-19 14:01:46'),
(91, NULL, 20, 'Seismic Straps (for tanks):', 1, '2022-10-19 14:02:04', '2022-10-19 14:02:04'),
(92, NULL, 20, 'Venting Materials:', 1, '2022-10-19 14:02:19', '2022-10-19 14:02:19'),
(93, NULL, 20, 'Combustion Air Sources:', 1, '2022-10-19 14:02:36', '2022-10-19 14:02:36'),
(94, NULL, 20, 'Fuel Shut-off Location:', 1, '2022-10-19 14:02:56', '2022-10-19 14:02:56'),
(95, NULL, 21, 'System Type/ Energy Source:', 1, '2022-10-19 14:03:41', '2022-10-19 14:03:41'),
(96, NULL, 21, 'Heating and/or Cooling Methods:', 1, '2022-10-19 14:03:41', '2022-10-19 14:03:41'),
(97, NULL, 21, 'Manufactured by:', 1, '2022-10-19 14:04:57', '2022-10-19 14:04:57'),
(98, NULL, 21, 'Est. Date of Manufacture:', 1, '2022-10-19 14:05:22', '2022-10-19 14:05:22'),
(99, NULL, 21, 'Typical Approx. Service Life According to Industry:', 1, '2022-10-19 14:05:47', '2022-10-19 14:05:47'),
(100, NULL, 21, 'Exhaust Venting Materials:', 1, '2022-10-19 14:05:47', '2022-10-19 14:05:47'),
(101, NULL, 21, 'Exhaust Venting Methods:', 1, '2022-10-19 14:06:26', '2022-10-19 14:06:26'),
(102, NULL, 21, 'Combustion Air Sources:', 1, '2022-10-19 14:06:47', '2022-10-19 14:06:47'),
(103, NULL, 21, 'Fuel Shut-off Location:', 1, '2022-10-19 14:07:06', '2022-10-19 14:07:06'),
(104, NULL, 21, 'Other Supplementary Heat:', 1, '2022-10-19 14:07:21', '2022-10-19 14:07:21'),
(105, NULL, 22, 'System Type and Energy Source:', 1, '2022-10-19 14:08:29', '2022-10-19 14:08:29'),
(106, NULL, 22, 'Heating and\\/or Cooling Methods:', 1, '2022-10-19 14:08:29', '2022-10-19 14:08:29'),
(107, NULL, 22, 'Manufactured by:', 1, '2022-10-19 14:09:49', '2022-10-19 14:09:49'),
(108, NULL, 22, 'Est. Date of Manufacture:', 1, '2022-10-19 14:10:10', '2022-10-19 14:10:10'),
(109, NULL, 22, 'Typical Approx. Service Life According to Industry:', 1, '2022-10-19 14:10:30', '2022-10-19 14:10:30'),
(110, NULL, 22, 'Exhaust Venting Materials:', 1, '2022-10-19 14:12:14', '2022-10-19 14:12:14'),
(111, NULL, 22, 'Exhaust Venting Methods:', 1, '2022-10-19 14:12:34', '2022-10-19 14:12:34'),
(112, NULL, 22, 'Combustion Air Sources:', 1, '2022-10-19 14:12:50', '2022-10-19 14:12:50'),
(113, NULL, 22, 'Fuel Shut-off Location:', 1, '2022-10-19 14:13:05', '2022-10-19 14:13:05'),
(114, NULL, 23, 'Type:', 1, '2022-10-19 14:14:02', '2022-10-19 14:14:02'),
(115, NULL, 23, 'Location:', 1, '2022-10-19 14:14:02', '2022-10-19 14:14:02'),
(116, NULL, 23, 'Est. Date of Manufacture:', 1, '2022-10-19 14:21:36', '2022-10-19 14:21:36'),
(117, NULL, 23, 'Capacity:', 1, '2022-10-19 14:22:12', '2022-10-19 14:22:12'),
(118, NULL, 23, 'Shell Thickness:', 1, '2022-10-19 14:22:30', '2022-10-19 14:22:30'),
(119, NULL, 24, 'Fireplace Construction:', 1, '2022-10-19 14:23:09', '2022-10-19 14:23:09'),
(120, NULL, 24, 'Chimney Construction:', 1, '2022-10-19 14:23:09', '2022-10-19 14:23:09'),
(121, NULL, 24, 'Flues Appear Lined:', 1, '2022-10-19 14:23:54', '2022-10-19 14:23:54'),
(122, NULL, 24, 'Combustion Air Source:', 1, '2022-10-19 14:24:13', '2022-10-19 14:24:13'),
(123, NULL, 26, 'Attic Access Location(s):', 1, '2022-10-19 14:25:28', '2022-10-19 14:25:28'),
(124, NULL, 26, 'Method used to Inspect Accessible Attic Areas:', 1, '2022-10-19 14:25:28', '2022-10-19 14:25:28'),
(125, NULL, 26, 'Approximate Visible Attic Interior:', 1, '2022-10-19 14:26:17', '2022-10-19 14:26:17'),
(126, NULL, 26, 'Insulation Materials:', 1, '2022-10-19 14:26:32', '2022-10-19 14:26:32'),
(127, NULL, 26, 'Approximate Insulation Depth:', 1, '2022-10-19 14:26:48', '2022-10-19 14:26:48'),
(128, NULL, 26, 'Visible Vapour Retarder(s):', 1, '2022-10-19 14:27:03', '2022-10-19 14:27:03'),
(129, NULL, 26, 'Method Used to Spot Check Attic Floor:', 1, '2022-10-19 14:27:21', '2022-10-19 14:27:21'),
(130, NULL, 26, 'Attic Intake Ventilation:', 1, '2022-10-19 14:27:36', '2022-10-19 14:27:36'),
(131, NULL, 26, 'Attic Exhaust Ventilation:', 1, '2022-10-19 14:27:51', '2022-10-19 14:27:51'),
(132, NULL, 27, 'Visible Insulation:', 1, '2022-10-19 14:28:13', '2022-10-19 14:28:13'),
(133, NULL, 27, 'Visible Vapour Retarders:', 1, '2022-10-19 14:28:13', '2022-10-19 14:28:13'),
(134, NULL, 27, 'The Above Materials Were Visible at:', 1, '2022-10-19 14:28:52', '2022-10-19 14:28:52'),
(135, NULL, 28, 'Method Used to Inspect Crawlspace Areas:', 1, '2022-10-19 14:30:22', '2022-10-19 14:30:22'),
(136, NULL, 28, 'Approximate Visible Crawlspace Interior:', 1, '2022-10-19 14:30:22', '2022-10-19 14:30:22'),
(137, NULL, 28, 'Location of Crawlspace Access:', 1, '2022-10-19 14:31:05', '2022-10-19 14:31:05'),
(138, NULL, 28, 'Condition or Unconditioned Space:', 1, '2022-10-19 14:31:24', '2022-10-19 14:31:24'),
(139, NULL, 28, 'Heat Source:', 1, '2022-10-19 14:31:43', '2022-10-19 14:31:43'),
(140, NULL, 28, 'Insulation Materials:', 1, '2022-10-19 14:32:00', '2022-10-19 14:32:00'),
(141, NULL, 28, 'Ventilation Methods:', 1, '2022-10-19 14:32:16', '2022-10-19 14:32:16'),
(142, NULL, 28, 'Ground Cover:', 1, '2022-10-19 14:32:30', '2022-10-19 14:32:30'),
(143, NULL, 29, 'Bathrooms Equipped with Exhaust Fans:', 1, '2022-10-19 14:36:38', '2022-10-19 14:36:38'),
(144, NULL, 29, 'Kitchens Equipped with Exhaust Fans:', 1, '2022-10-19 14:36:38', '2022-10-19 14:36:38'),
(145, NULL, 29, 'De-Humidistat Location(s):', 1, '2022-10-19 14:37:32', '2022-10-19 14:37:32'),
(146, NULL, 29, 'Continuous Ventilation System:', 1, '2022-10-19 14:37:52', '2022-10-19 14:37:52'),
(147, NULL, 30, 'Visibility:', 1, '2022-10-19 14:38:19', '2022-10-19 14:38:19'),
(148, NULL, 30, 'Wall Finishes:', 1, '2022-10-19 14:38:19', '2022-10-19 14:38:19'),
(149, NULL, 30, 'Ceiling Finishes', 1, '2022-10-19 06:33:50', '2022-10-19 06:33:50'),
(150, NULL, 30, 'Primary Floor Coverings', 1, '2022-10-19 06:33:50', '2022-10-19 06:33:50'),
(151, NULL, 30, 'Interior Doors', 1, '2022-10-19 06:38:41', '2022-10-19 06:38:41'),
(152, NULL, 30, 'Interior Stairs', 1, '2022-10-19 06:38:57', '2022-10-19 06:38:57'),
(153, NULL, 30, 'Central Vacuum System', 1, '2022-10-19 06:39:14', '2022-10-19 06:39:14'),
(154, NULL, 31, 'Counter Tops', 1, '2022-10-19 06:39:34', '2022-10-19 06:39:34'),
(155, NULL, 31, 'Cabinet Fronts:', 1, '2022-10-19 06:39:51', '2022-10-19 06:39:51'),
(156, NULL, 31, 'Stove Operational:', 1, '2022-10-19 06:41:04', '2022-10-19 06:41:04'),
(157, NULL, 31, 'Refrigerator Operational:', 1, '2022-10-19 06:41:04', '2022-10-19 06:41:04'),
(158, NULL, 31, 'Dishwasher Operational:', 1, '2022-10-19 06:41:48', '2022-10-19 06:41:48'),
(159, NULL, 31, 'Dishwasher Leaks Detected:', 1, '2022-10-19 06:51:09', '2022-10-19 06:51:09'),
(160, NULL, 31, 'Microwave Operational:', 1, '2022-10-19 06:51:09', '2022-10-19 06:51:09'),
(161, NULL, 32, 'Counter Tops', 1, '2022-10-19 06:57:24', '2022-10-19 06:57:24'),
(162, NULL, 32, 'Cabinet fronts', 1, '2022-10-19 06:57:44', '2022-10-19 06:57:44'),
(163, NULL, 32, 'Tubs, Showers & Tiled Shower Areas', 1, '2022-10-19 06:58:01', '2022-10-19 06:58:01'),
(164, NULL, 33, 'Dryer Operational', 1, '2022-10-19 06:58:18', '2022-10-19 06:58:18'),
(165, NULL, 33, 'Dryer Vent', 1, '2022-10-19 06:58:53', '2022-10-19 06:58:53'),
(166, NULL, 33, 'Washer Operational', 1, '2022-10-19 06:59:31', '2022-10-19 06:59:31'),
(167, NULL, 33, 'Washer Leaks Detected', 1, '2022-10-19 06:59:31', '2022-10-19 06:59:31'),
(168, NULL, 33, 'Washer Connection Visible', 1, '2022-10-19 07:00:37', '2022-10-19 07:00:37'),
(169, NULL, 33, 'Visibility Behind Laundry Equipment', 1, '2022-10-19 07:00:37', '2022-10-19 07:00:37'),
(170, NULL, 34, 'Visibility', 1, '2022-10-19 07:01:18', '2022-10-19 07:01:18'),
(171, NULL, 34, 'Man-door Auto-Closer', 1, '2022-10-19 07:01:18', '2022-10-19 07:01:18'),
(172, NULL, 34, 'Gas Tight from Living Space', 1, '2022-10-19 07:02:20', '2022-10-19 07:02:20'),
(173, NULL, 34, 'Wear and Tear to Interior Finishes', 1, '2022-10-19 07:02:50', '2022-10-19 07:02:50'),
(174, NULL, 34, 'Garage Slab', 1, '2022-10-19 07:06:06', '2022-10-19 07:06:06'),
(175, NULL, 34, 'Garage Heated', 1, '2022-10-19 07:06:06', '2022-10-19 07:06:06'),
(176, NULL, 35, 'Indication of Rodent Activity:', 1, '2022-10-19 07:06:52', '2022-10-19 07:06:52'),
(177, NULL, 36, 'Smoke / CO Alarms Present', 1, '2022-10-19 07:10:47', '2022-10-19 07:10:47'),
(178, NULL, 36, 'Strata Fire Extinguishers Present', 1, '2022-10-19 07:10:47', '2022-10-19 07:10:47'),
(179, NULL, 36, 'Extinguisher Renewal Date', 1, '2022-10-19 07:11:28', '2022-10-19 07:11:28'),
(180, NULL, 36, 'Fire Suppression\\/Sprinklers Present', 1, '2022-10-19 08:06:21', '2022-10-19 08:06:21'),
(181, 11, NULL, 'This home compared to other homes of similar age and style', 1, '2022-11-09 11:12:11', '2022-11-09 11:12:11'),
(182, 11, NULL, 'We observed functional', 1, '2022-11-09 11:13:01', '2022-11-09 11:13:01');

-- --------------------------------------------------------

--
-- Table structure for table `regions`
--

CREATE TABLE `regions` (
  `id` int UNSIGNED NOT NULL,
  `name` varchar(255) CHARACTER SET utf8mb4 COLLATE utf8mb4_unicode_ci NOT NULL,
  `short_description` varchar(255) CHARACTER SET utf8mb4 COLLATE utf8mb4_unicode_ci NOT NULL,
  `text` text CHARACTER SET utf8mb4 COLLATE utf8mb4_unicode_ci,
  `created_at` timestamp NULL DEFAULT NULL,
  `updated_at` timestamp NULL DEFAULT NULL
) ENGINE=InnoDB DEFAULT CHARSET=utf8mb4 COLLATE=utf8mb4_unicode_ci;

--
-- Dumping data for table `regions`
--

INSERT INTO `regions` (`id`, `name`, `short_description`, `text`, `created_at`, `updated_at`) VALUES
(1, 'Victoria, BC, HIABC 1', 'HIABC Scope of Inspection', '<p style=\"color: rgb(100, 108, 154);\"><b><span style=\"font-size: 18px;\">HIABC SCOPE OF INSPECTION</span></b><span style=\"font-size: 18px;\"></span><span style=\"font-size: 24px;\"></span><span style=\"font-size: 36px;\"></span><span style=\"font-size: 14px;\"></span><br></p><p style=\"color: rgb(100, 108, 154);\">The\r\n purpose of this Scope of Inspection is to establish a minimum, uniform \r\nstandard for Home Inspectors Association BC home and property inspector \r\nmembers.</p><p style=\"color: rgb(100, 108, 154);\">This Scope of \r\nInspection of home inspection identifies the range of services and \r\nactivities that the licensed members of this profession are educated and\r\n legally required to provide. The document describes the professional \r\nactivities and areas of professional practice. The Scope of Inspection \r\ndefines the minimum standard of practice for all HIA home inspections in\r\n British Columbia. The scope of work of an individual home inspector \r\nmust meet the requirements outlined in this document but may include \r\nadditional inspection services where the home inspector is qualified and\r\n / or has special knowledge. The scope of the home inspectors review of\r\n a home is a contractual matter, therefore, any additional services \r\nprovided to the client beyond the Scope of Inspection, must be \r\ncommunicated through a contractual agreement with the client.</p><p style=\"color: rgb(100, 108, 154);\">The\r\n working premise of this document is that licensed home inspectors will \r\ndemonstrate minimum, entry level competencies and will conduct their \r\nwork competently in a variety of home inspection environments. The \r\npractice requirements represent the expectations of a typical not an \r\nexpert home inspector. A specialist may be hired to provide additional\r\n analysis and opinion of adverse conditions or defects identified, \r\nbeyond this Scope of Inspection.</p><p style=\"color: rgb(100, 108, 154);\">A\r\n home inspection is a limited, non-invasive, visual examination of the \r\ncurrent condition of a residential building. A home inspection is \r\ndesigned to report observed deficiencies within specific systems and \r\ncomponents of a home. A home inspection provides a description of the \r\ncondition of the home based on observation of the visible and apparent \r\ncondition of the structure and components at the time of the home \r\ninspection. A home inspection does not guarantee future condition, \r\nefficiency, or life expectancy of systems or components. It is not an \r\ninspection to verify compliance with any applicable building codes, \r\nmunicipal bylaws or other regulations. A home inspection will not reveal\r\n every problem that exists or could ever exist and is not a technically \r\nexhaustive inspection.</p><p style=\"color: rgb(100, 108, 154);\"><span style=\"font-weight: bold;\">HIABC CODE OF ETHICS</span></p><p style=\"color: rgb(100, 108, 154);\">Honesty,\r\n justice, and courtesy form a moral philosophy which, associated with \r\nmutual interest among people, constitutes the foundation of ethics. The \r\nmembers should recognize such a standard, not in passive observance, but\r\n as a set of dynamic principles guiding their conduct. It is their duty \r\nto practice the profession according to this code of ethics.</p><p style=\"color: rgb(100, 108, 154);\">As\r\n the keystone of professional conduct is integrity, the Members will \r\ndischarge their duties with fidelity to the public, their clients, and \r\nwith fairness and impartiality to all. They should uphold the honor and \r\ndignity of their profession and avoid association with any enterprise of\r\n questionable character, or apparent conflict of interest.</p><p style=\"color: rgb(100, 108, 154);\">1. The member will express an opinion only when it is based on practical experience and honest conviction.<br>2. The member will always act in good faith toward each client.<br>3.\r\n The member will not disclose any information concerning the results of \r\nthe inspection without the approval of the clients or their \r\nrepresentatives.<br>4. The member will not accept compensation, \r\nfinancial or otherwise, from more than one interested party for the same\r\n service without the consent of all interested parties.<br>5. Inspectors\r\n shall avoid conflicts of interest or activities that compromise, or \r\nappear to compromise, professional independence, objectivity, or \r\ninspection integrity.<br>6. Home inspectors shall not, directly or indirectly compensate, provide or receive a thing of value, inducement or reward:<br>&nbsp;\r\n a. to realtors, brokers or other parties having a financial vested \r\ninterest in the closing or settlement of real estate transactions,<br>&nbsp; \r\nb. for the referral of any business to the inspector or the inspection \r\ncompany, or for inclusion on a list of recommended inspectors, preferred\r\n providers, or similar arrangements.<br>7. Members will not use or \r\ndisclose personal information about clients, home owners, occupants, or \r\nthe identity of the inspected property or its contents for purposes \r\nother than those for which it was collected:<br>&nbsp; a. except with the \r\ninformed consent of the client, home owner, occupant, or any other \r\nperson involved in the home inspection, or with the informed consent of \r\nall parties affected by the information, or as required by law.<br>8. The inspection work may not be used as a vehicle by the inspector to deliberately obtain work in another field.<br>9.\r\n An inspector shall make every effort to uphold, maintain, and improve \r\nthe professional integrity, reputation, and practice of the home \r\ninspection profession. He or she will report all such relevant \r\ninformation, including violations of this Code by other members, to the \r\nAssociation for possible remedial action.<br>10. No member shall be actively engaged as a broker or agent in the sale or purchase of real estate.<br>11. The Inspectors shall not repair any condition found during an inspection or give cost estimates.<br>12.\r\n Members shall always be objective in their reporting and not knowingly \r\noverstate or understate the significance of observed conditions.&nbsp;</p><p style=\"color: rgb(100, 108, 154);\"><b>HIABC SCOPE OF INSPECTION</b></p><p style=\"color: rgb(100, 108, 154);\"><b>Introduction</b></p><p style=\"color: rgb(100, 108, 154);\">The\r\n Home Inspectors Association BC is a non-for-profit professional society\r\n established in 1991. Membership in the Home Inspectors Association is \r\nvoluntary and its members include private, fee-paid home inspectors. The\r\n Home Inspectors Association objectives include promotion of excellence \r\nwithin the profession and continual improvement of its members\' \r\ninspection services to the public.</p><p style=\"color: rgb(100, 108, 154);\">A&nbsp;<b>home inspector</b>&nbsp;shall&nbsp;<b>inspect readily accessible, visually Observable, installed systems and components</b>&nbsp;of a residential building using&nbsp;<b>typical fixed operational</b>&nbsp;<b>controls&nbsp;</b>and&nbsp;<b>report&nbsp;</b>identifiable<b>&nbsp;deficiencies</b>&nbsp;of specific&nbsp;<b>systems</b>&nbsp;and&nbsp;<b>components</b>&nbsp;therein including:</p><p style=\"color: rgb(100, 108, 154);\">1. Exterior Systems<br>2. Roofing, Flashings, Penetrations and Chimneys<br>3. Structural Systems<br>4. Plumbing Systems<br>5. Electrical Systems<br>6. Interior components<br>7. Heating, Ventilation and Cooling (HVAC) Systems<br>8. Fireplaces and Solid Fuel Burning Appliances<br>9. Insulation and Ventilation of Attics, Crawlspaces and Unfinished Basements</p><p style=\"color: rgb(100, 108, 154);\"><span style=\"font-weight: bold;\">Home Inspection Report</span></p><p style=\"color: rgb(100, 108, 154);\">Inspections shall be accompanied by a documented report that:</p><p style=\"color: rgb(100, 108, 154);\">1. Describes readily accessible systems and components of a residential building and their condition.<br>2. Makes recommendations on significant deficiencies identified for each system or component that is included in the inspection<br>3. Provides information regarding potential impact if the issues are not addressed<br>4.\r\n And includes anything else that is made part of the inspection in \r\naccordance with this Scope of Inspection and a home inspection contract</p><p style=\"color: rgb(100, 108, 154);\"><span style=\"font-weight: bold;\">General Home Inspection Inclusions</span>&nbsp;<span style=\"font-weight: bold;\">(applicable to all components)</span></p><p style=\"color: rgb(100, 108, 154);\">Home inspectors are required to:</p><p style=\"color: rgb(100, 108, 154);\">1.\r\n Inspect readily accessible, visually observable, installed systems \r\n&amp; components of residential buildings using typical fixed \r\noperational controls<br>2. Describe and report systems or components \r\nwith significant deficiencies or damage including, but not limited to, \r\ninadequate performance, missing components, decay, rot, water issues, or\r\n other home inspection concerns.<br>3. Describe and report deficiencies that are evident by means of sight, touch, smell and hearing<br>4. Describe and report items that pose an imminent health or safety concern in the opinion of the home inspector<br>5. Describe and report items for which a representative sample was inspected, including a description of the sampling process<br>6.\r\n Describe and report the rationale for exclusion and limitation to the \r\ninspection of any system, component, procedure or method included in \r\nthis Scope of Inspection<br>7. Recommend further evaluation or investigation by a Qualified Professional where:<br>a. conditions are identified that may constitute a hazard to occupants<br>b.\r\n conditions and systems and components exceed the collective knowledge \r\nand training of the home inspector in the opinion of the home inspector<br>8.\r\n Include in the report, documentation of evidence, such as supporting \r\nimages (such as photographs or sketches) to provide information \r\nregarding observed deficiencies, where deemed appropriate by the home \r\ninspector<br>9. Produce the report in writing.<br>10. Include in the \r\nreport the significant components that appear to be at or near the end \r\nof their normally expected service life.</p><p style=\"color: rgb(100, 108, 154);\"><span style=\"font-weight: bold;\">General Home Inspection Exclusions (applicable to all components)</span></p><p style=\"color: rgb(100, 108, 154);\">Home inspectors are NOT required to:</p><p style=\"color: rgb(100, 108, 154);\">1.\r\n Predict the probability of failure or remaining service life of any \r\nsystem or component or offer any warranty, guarantee or certifications \r\nfor any system or component<br>2. Describe the compliance with regulatory requirements (codes, regulations, laws, ordinances, etc.)<br>3.\r\n Estimate the cost for operation of a particular system or component and\r\n / or the cost of remediation of any identified conditions<br>4. Identify the cause(s) of observed conditions or deficiencies<br>5. Identify the methods, materials and cost(s) for correcting (repairing or replacing) observed conditions<br>6. Identify the condition of systems or components that are inaccessible, obstructed, hidden or contain latent defects<br>7.\r\n Identify the presence of any potential hazards including, but not \r\nlimited to, asbestos, mould, PCB, infestations of vermin and wood \r\ndestroying organisms, carcinogens, radon gas, lead paint, urea \r\nformaldehyde, toxic or flammable chemicals, noise, and contaminants in \r\nsoil, water and air<br>8. Describe the adequacy, effectiveness, or efficiency of any system or component<br>9. Inspect common areas in multi-unit housing<br>10. Inspect systems and components that are not installed<br>11. Inspect decorative items<br>12.\r\n Operate any system or component that is shut down or that does not turn\r\n on with the use of typical fixed operational controls<br>13. Inspect \r\nunderground items whether abandoned or active including, but not limited\r\n to, storage tanks and / or indications of their presence<br>14. Offer any advice regarding the purchase of the property<br>15.\r\n Enter an area or perform an inspection procedure or method in the \r\nopinion of the home inspector, could be dangerous to the home inspector \r\nor cause damage to the property or its systems or components, such as, \r\nbut not limited to walking on roof surfaces, climbing ladders, entering \r\nattic spaces, etc.<br>16. Move items, contents, debris, soil, snow, ice \r\nor other equipment or dismantle any system or component that obstructs \r\naccess or visibility for the home inspection<br>17. Review third-party reports including, but not limited to, depreciation reports and engineering reports<br>18. Identify and report any geological, geotechnical or hydrological conditions<br>19. Identify every problem that exists or could ever exist and report a technically exhaustive inspection</p><p style=\"color: rgb(100, 108, 154);\"><span style=\"font-weight: bold;\">This Scope of Inspection is not required to limit inspectors from:</span></p><p style=\"color: rgb(100, 108, 154);\">A.\r\n Including other inspection services in addition to those required by \r\nthis Scope of Inspection provided the inspector is appropriately \r\nqualified to do so.</p><p style=\"color: rgb(100, 108, 154);\">B. \r\nExcluding systems and components from the inspection if requested by the\r\n client or as dictated by circumstances at the time of the inspection.</p><p style=\"color: rgb(100, 108, 154);\"><span style=\"font-weight: bold;\">The\r\n Home Inspectors Association Scope of Inspection applies to inspections \r\nof part or all of a building for the following building types:</span></p><p style=\"color: rgb(100, 108, 154);\">1. single family dwelling, detached, semi-detached, or row house<br>2. multi-unit residential building<br>3. residential building held in divided or undivided co- ownership<br>4.\r\n residential building occupied in part for residential occupancy and in \r\npart for a commercial occupancy, as long as the latter use does not \r\nexceed 40% of the building\'s total area, excluding the basement.</p><p style=\"color: rgb(100, 108, 154);\"><b>1. EXTERIOR SYSTEMS</b></p><p style=\"color: rgb(100, 108, 154);\"><b>1.1 The inspector shall:</b><br><b>A. inspect:</b><br>1. exterior wall covering(s), flashing and trim.<br>2. all exterior doors.<br>3. attached or adjacent decks, balconies, steps, porches, and the associated railings.<br>4. the eaves, soffits, and fascias where accessible from the ground level.<br>5. vegetation, grading, surface drainage on the property when any of these are likely to adversely affect the building.<br>6. walkways, patios, and driveways leading to dwelling entrances.<br>7. landscaping structure attached or adjacent to the building when likely to adversely affect the building.<br>8. primary garage or carport attached or detached.<br>9. garage doors and garage door operators.<br><b>B. describe:</b><br>1. exterior wall covering(s).<br><b>C. report:</b><br>1. the method(s) used to inspect the exterior wall elevations.</p><p style=\"color: rgb(100, 108, 154);\"><b>1.2 The inspector is NOT required to:</b><br><b>A. inspect:</b><br>1. screening, shutters, awnings, and similar seasonal accessories.<br>2. fences.<br>3. geological, geotechnical or hydrological conditions.<br>4. recreational facilities.<br>5. outbuildings.<br>6. seawalls, break-walls, dykes and docks.<br>7. erosion control and earth stabilization measures.</p><p style=\"color: rgb(100, 108, 154);\"><b>2. ROOF SYSTEMS</b></p><p style=\"color: rgb(100, 108, 154);\"><b>2.1 The inspector shall:</b><br><b>A. inspect:</b><br>1. readily accessible roof coverings.<br>2. readily accessible roof drainage systems.<br>3. readily accessible flashings.<br>4. readily accessible skylights, chimneys, and roof penetrations.<br><span style=\"font-weight: bold;\">B. describe:</span>&nbsp;<br>1. the roof covering and report the method(s) used to inspect the roof<br><b>C. report:</b><br>1. the method(s) used to inspect the roof(s).</p><p style=\"color: rgb(100, 108, 154);\"><b>2.2 The inspector is NOT required to:</b><br><b>A. inspect:</b><br>1. antennae and satellite dishes.<br>2. interiors of flues or chimneys which are not readily accessible.<br>3. other installed accessories. items attached to but not related to the roof system(s).</p><p style=\"color: rgb(100, 108, 154);\"><b>3.&nbsp; STRUCTURAL SYSTEMS</b></p><p style=\"color: rgb(100, 108, 154);\"><b>3.1 The inspector shall:</b><br><b>A. inspect:</b><br>1. structural components including visible foundation and framing.<br>2.\r\n by probing a sample of structural components where deterioration is \r\nsuspected or where clear indications of possible deterioration exist. \r\nProbing is NOT required when probing would damage any finished surface \r\nor where no deterioration is visible.<br><b>B. describe:</b><br>1. foundation(s).<br>2. floor structure(s).<br>3. wall structure(s).<br>4. ceiling structure(s).<br>5. roof structure(s).<br><b>C. report:</b><br>1. on conditions limiting access to structural components.<br>2. methods used to inspect the under-floor crawl space.<br>3. methods used to inspect the attic(s).</p><p style=\"color: rgb(100, 108, 154);\"><span style=\"font-weight: bold;\">3.2 The inspector is NOT required to:</span>&nbsp;<br><b>A.</b>&nbsp;provide any engineering service or architectural service.<br><b>B.</b>&nbsp;offer an opinion as to the adequacy of any structural system or component.</p><p style=\"color: rgb(100, 108, 154);\"><span style=\"font-weight: bold;\">4. PLUMBING SYSTEMS</span></p><p style=\"color: rgb(100, 108, 154);\"><b>4.1 The inspector shall:</b><br><b>A. inspect:</b>&nbsp;<br>1. interior water supply and distribution systems including all fixtures and faucets.<br>2. drain, waste and vent systems including all fixture<br>3. water heating equipment and associated venting systems, flues &amp; chimneys.<br>4. fuel storage and fuel distribution systems.<br>5. drainage sumps, sump pumps, and related piping.<br><b>B. describe:</b>&nbsp;<br>1. water supply, distribution, drain, waste, and vent piping materials.<br>2. water heating equipment including the energy source.<br>3. location of main water and main fuel shut-off valves.</p><p style=\"color: rgb(100, 108, 154);\"><b>4.2 The inspector is NOT required to:</b><br><b>A. inspect:</b>&nbsp;<br>1. clothes washing machine connections.<br>2. the interiors of flues or chimneys which are not readily accessible<br>3. wells, well pumps, or water storage related equipment.<br>4. water conditioning systems.<br>5. solar water heating systems.<br>6. fire and lawn sprinkler systems.<br>7. private waste disposal systems.<br><b>B. determine:</b><br>1. whether water supply and waste disposal systems are public or private.<br>2. the quantity or quality of the water supply.<br><b>C. operate:</b><br>1. safety valves or shut-off valves.</p><p style=\"color: rgb(100, 108, 154);\"><b>5. ELECTRICAL SYSTEMS</b></p><p style=\"color: rgb(100, 108, 154);\"><b>5.1 The inspector shall:</b><br><b>A. inspect:</b>&nbsp;<br>1. service drop.<br>2. service entrance conductors, cables, and raceways.<br>3. service equipment and main disconnects.<br>4. service grounding.<br>5. interior components of service panels and sub panels.<br>6. distribution conductors.<br>7. overcurrent protection devices.<br>8. a representative number of installed lighting fixtures, switches, and receptacles.<br>9. the ground fault circuit interrupters (GFCI) (if appropriate).<br>10. arc fault circuit interrupters (AFCI) (If appropriate).<br><b>B. describe:</b><br>1. amperage and voltage rating of the service.<br>2. location of main disconnect(s) and subpanel(s).<br>3. wiring methods.<br><b>C. report:</b><br>1. presence of solid conductor aluminum branch circuit wiring.<br>2. absence of carbon monoxide detectors (if applicable).<br>3. absence of smoke detectors.<br>4. presence of ground fault circuit interrupters (GFCI).<br>5. presence of arc fault circuit interrupters (AFCI).</p><p style=\"color: rgb(100, 108, 154);\"><b>5.2 The inspector is NOT required to:</b><br><b>A. inspect:</b>&nbsp;<br>1. remote control devices unless the device is the only control device.<br>2. alarm systems and components.<br>3. low voltage wiring, systems and components.<br>4. ancillary wiring, systems and components not a part of the primary electrical power distribution system.<br>5. telecommunication equipment.<br><b>B. measure:</b><br>1. amperage, voltage, or impedance.</p><p style=\"color: rgb(100, 108, 154);\"><b>6. INTERIOR</b></p><p style=\"color: rgb(100, 108, 154);\"><b>6.1 The inspector shall:</b><br><b>A. inspect:</b><br>1. walls, ceilings, and floors.<br>2. steps, stairways, and railings.<br>3. countertops and a representative number of installed cabinets.<br>4. a representative number of doors and windows.<br>5. walls, doors and ceiling separating the habitable spaces and the garage.<br><b>B. describe:</b>&nbsp;<br>1. materials used for walls, ceilings and floors.<br>2. doors.<br>3. windows.<br><b>C. report:</b>&nbsp;<br>1. absence or ineffectiveness of guards and handrails or other potentially physical injury hazards.</p><p style=\"color: rgb(100, 108, 154);\"><b>6.2 The inspector is NOT required to:</b><br><b>A. inspect:</b>&nbsp;<br>1. paint, wallpaper, and other finish treatments.<br>2. carpeting.<br>3. window treatments.<br>4. central vacuum systems.<br>5. household appliances.<br>6. recreational facilities.</p><p style=\"color: rgb(100, 108, 154);\"><b>7. HEATING, VENTILATION &amp; COOLING (HVAC) SYSTEMS</b></p><p style=\"color: rgb(100, 108, 154);\"><b>7.1 The inspector shall:</b><br><b>A. inspect:</b>&nbsp;<br>1. readily accessible components of installed heating, central and through wall cooling equipment.<br>2. vent systems, flues, and chimneys.<br>3. fuel storage and fuel distribution systems.<br><b>B. describe:</b>&nbsp;<br>1. energy source(s).<br>2. heating and/or cooling method(s) by distinguishing characteristics.<br>3. chimney(s) and/or venting material(s).<br>4. the combustion air sources.<br>5. the exhaust venting methods (naturally aspirated, induced draft, direct vent, direct vent sealed combustion).</p><p style=\"color: rgb(100, 108, 154);\"><b>7.2 The inspector is NOT required to:</b><br><b>A. inspect:</b>&nbsp;<br>1. interiors of flues or chimneys which are not readily accessible.<br>2. heat exchanger.<br>3. humidifier or dehumidifier auxiliary equipment.<br>4. electronic air filters.<br>5. solar heating systems.<br><b>B. determine:</b><br>1. system adequacy or distribution balance.</p><p style=\"color: rgb(100, 108, 154);\"><b>8. FIREPLACES AND SOLID FUEL BURNING APPLIANCES</b>&nbsp;(Unless prohibited by the authority having jurisdiction)</p><p style=\"color: rgb(100, 108, 154);\"><b>8.1 The inspector shall:</b><br><b>A. inspect:</b>&nbsp;<br>1. system components<br>2. vent systems and chimneys<br><b>B. describe:</b>&nbsp;<br>1. fireplaces and solid fuel burning appliances<br>2. chimneys</p><p style=\"color: rgb(100, 108, 154);\"><b>8.2 The inspector is NOT required to:</b><br><b>A. inspect:</b><br>1. interior of flues or chimneys<br>2. screens, doors and dampers<br>3. seals and gaskets<br>4. automatic fuel feed devices<br>5. heat distribution assists whether fan assisted or gravity<br><b>B.</b>&nbsp;ignite or extinguish fires<br><b>C.</b>&nbsp;determine draught characteristics<br><b>D.</b>&nbsp;move fireplace inserts, stoves, or firebox contents</p><p style=\"color: rgb(100, 108, 154);\"><b>9. INSULATION and VENTILATION of ATTICS, CRAWLSPACES AND UNFINISHED BASEMENTS</b></p><p style=\"color: rgb(100, 108, 154);\"><b>9.1 The inspector shall:</b><br><b>A. inspect:</b>&nbsp;<br>1. insulation and vapor retarders in unfinished spaces.<br>2. ventilation of attics and foundation areas.<br>3. mechanical ventilation systems.<br>4. ventilation systems in areas such as kitchens, bathrooms and laundry areas where moisture is generated.<br><b>B. describe:</b>&nbsp;<br>1. type of insulation and vapour retarders in unfinished spaces.<br>2. ventilation of attics and foundation areas.<br>3. mechanical ventilation systems.<br>4. ventilation systems in areas such as kitchens, bathrooms and laundry areas where moisture is generated.<br><b>C. report:</b><br>1. absence of insulation in unfinished spaces at conditioned surfaces.<br>2. absence of ventilation in areas where moisture is generated such as kitchens, bathrooms and laundry rooms.</p><p style=\"color: rgb(100, 108, 154);\"><b>9.2 The inspector is NOT required to:</b><br><b>A.</b>&nbsp;disturb insulation or vapor retarders.<br><b>B.</b>&nbsp;determine indoor air quality.<br><b>C.</b>&nbsp;determine system adequacy or distribution balance.</p><p style=\"color: rgb(100, 108, 154);\"><b>GLOSSARY</b></p><p style=\"color: rgb(100, 108, 154); margin-left: 25px; line-height: 1;\"><b>Adjacent</b>&nbsp;- Nearest in space or position; immediately adjoining without intervening space.<br><b>Alarm Systems</b>&nbsp;-\r\n Warning devices, installed or free-standing, including but not limited \r\nto; carbon monoxide detectors, flue gas and other spillage detectors, \r\nsecurity equipment, ejector pumps and smoke alarms.<br><b>Architectural Service</b>&nbsp;-\r\n Any practice involving the art and science of building design for \r\nconstruction of any structure or grouping of structures and the use of \r\nspace within and surrounding the structures or the design for \r\nconstruction, including but not specifically limited to, schematic \r\ndesign, design development, preparation of construction contract \r\ndocuments, and administration of the construction contract, adequacy of \r\ndesign for the location and exposure to the elements.<br><b>Automatic Safety Controls</b>&nbsp;- Devices designed and installed to protect systems and components from unsafe conditions.<br><b>Component</b>&nbsp;- A part of a system.<br><b>Confined Spaces</b>&nbsp;- An enclosed or partially enclosed area that:<br>1. Is occupied by people only for the purpose of completing work.<br>2. Has restricted entry/exit points.<br>3.\r\n Could be hazardous to people entering due to: a. its design, \r\nconstruction, location or atmosphere. b. the materials or substances in \r\nit, or c. any other conditions which prevent normal inspection \r\nprocedure.<br><b>Decorative</b>&nbsp;- Ornamental; not required for the \r\noperation of the essential systems and components of a building. \r\nDescribe To report a system or component by its type or other observed, \r\nsignificant characteristics to distinguish it from other systems or \r\ncomponents.<br><b>Determine</b>&nbsp;- To find out; or come to a conclusion by investigation.<br><b>Dismantle</b>&nbsp;-\r\n To take apart or remove any component, device, or piece of equipment \r\nthat would not be taken apart or removed by a homeowner in the course of\r\n normal and routine home owner maintenance.<br><b>Engineering Service</b>&nbsp;-\r\n Any professional service or creative work requiring engineering \r\neducation, training, and experience and the application of special \r\nknowledge of the mathematical, physical and engineering sciences to such\r\n professional service or creative work as consultation, investigation, \r\nevaluation, planning, design and supervision of construction for the \r\npurpose of assuring compliance with the specifications and design, in \r\nconjunction with structures, buildings, machines, equipment, works or \r\nprocesses.<br><b>Functionality</b>&nbsp;- The purpose that something is designed or expected to fulfill.<br><b>Further Evaluation</b>&nbsp;-\r\n Examination and analysis by a qualified professional, tradesman or \r\nservice technician beyond that provided by the home inspection.<br><b>Home Inspection</b>&nbsp;-\r\n The process by which an inspector visually examines the readily \r\naccessible systems and components of a building and which describes \r\nthose systems and components in accordance with this Scope of \r\nInspection.<br><b>Household Appliances</b>&nbsp;- Kitchen, laundry, and similar appliances, whether installed or freestanding.<br><b>Inspect</b>&nbsp;-\r\n To examine readily accessible systems and components of a building in \r\naccordance with these Scope of Inspection, where applicable using normal\r\n operating controls and opening readily openable access panels.<br><b>Inspector</b>&nbsp;- A person hired to examine any system or component of a building in accordance with this Scope of Inspection.<br><b>Installed -&nbsp;</b>Set up or fixed in position for current use or service.<br><b>Monitor</b>&nbsp;- Examine at regular intervals to detect evidence of change.<br><b>Normal Operating Controls</b>&nbsp;- Devices such as thermostats, switches or valves intended to be operated by the homeowner.<br><b>Operate</b>&nbsp;- To cause to function, turn on, to control the function of a machine, process, or system.<br><b>Probing</b>&nbsp;- Examine by touch.<br><b>Readily Accessible</b>&nbsp;-\r\n Available for visual inspection without requiring moving of personal \r\nproperty, dismantling, destructive measures, or any action which will \r\nlikely involve risk to persons or property.<br><b>Readily Openable Access Panel</b>&nbsp;-\r\n A panel provided for homeowner inspection and maintenance that is \r\nwithin normal reach, can be removed by one person, and is not sealed in \r\nplace.<br><b>Recreational Facilities</b>&nbsp;- Spas, saunas, steam baths, \r\nswimming pools, exercise, entertainment, athletic, playground or other \r\nsimilar equipment and associated accessories.<br><b>Report</b>&nbsp;- To communicate in writing.<br><b>Representative Number</b>&nbsp;-\r\n One component per room for multiple similar interior components such as\r\n windows and electric outlets; one component on each side of the \r\nbuilding for multiple similar exterior components.<br><b>Roof Drainage Systems</b>&nbsp;- Components used to carry water off a roof and away from a building.<br><b>Sample</b>&nbsp;- A representative portion selected for inspection.<br><b>Service Life/Lives</b>&nbsp;- The period during which something continues to function fully as intended.<br><b>Significant Deficiency</b>&nbsp;- A clearly definable hazard or a clearly definable potential for failure or is unsafe or not functioning.<br><b>Shut Down</b>&nbsp;- A state in which a system or component cannot be operated by normal operating controls.<br><b>Solid Fuel Burning Appliances</b>&nbsp;-\r\n A hearth and fire chamber or similar prepared place in which a fire may\r\n be built and which is built in conjunction with a chimney; or a listed \r\nassembly of a fire chamber, its chimney and related factory-made parts \r\ndesigned for unit assembly without requiring field construction.<br><b>Structural Component</b>&nbsp;- A component that supports non-variable forces or weights (dead loads) and variable forces or weights (live loads).<br><b>System</b>&nbsp;- A combination of interacting or interdependent components, assembled to carry out one or more functions.<br><b>Technically Exhaustive</b>&nbsp;-\r\n An inspection is technically exhaustive when it is done by a specialist\r\n who may make extensive use of measurements, instruments, testing, \r\ncalculations, and other means to develop scientific or engineering \r\nfindings, conclusions, and recommendations.<br><b>Under-floor Crawl Space</b>&nbsp;- The area within the confines of the foundation and between the ground and the underside of the floor.<br><b>Unsafe</b>&nbsp;-\r\n A condition in a readily accessible, installed system or component \r\nwhich is judged to be a significant risk of personal injury during \r\nnormal, day-to-day use. The risk may be due to damage, deterioration, \r\nmissing or improper installation.<br><b>Vapour Barrier</b>&nbsp;- Material used in the building envelope to retard the passage of water vapour or moisture.<br><b>Visually Accessible</b>&nbsp;- Able to be viewed by reaching or entering.<br><b>Wiring Methods&nbsp;</b>-\r\n Identification of electrical conductors or wires by their general type,\r\n such as non-metallic sheathed cable (Romex), armored cable (bx)\r\n or knob and tube, etc.&nbsp;</p>', '2022-04-19 01:04:30', '2022-04-26 00:21:51'),
(2, 'Victoria, BC, HIABC', 'HIABC Scope of Inspection', '<p>test 12sssss</p>', '2022-04-19 01:25:49', '2022-07-25 12:28:55'),
(3, 'Victoria, BC, HIABC 2', 'HIABC Scope of Inspection', '<p>Form description h</p>', '2022-07-25 12:30:57', '2022-08-05 09:15:02'),
(4, 'test', 'test description', '<p><span style=\"background-color: rgb(255, 255, 255);\">hello testing</span></p>', '2022-08-09 13:25:03', '2022-08-09 13:25:03'),
(5, 'Test Region', 'This is just for testing purpose', '<p>This is just for testing purpose <br></p>', '2022-08-12 08:30:34', '2022-08-12 08:30:34'),
(6, 'Abc Region', 'Test Functionality', '<p style=\"text-align: left; line-height: 1.4;\"><span style=\"font-size: 14px;\"><i>Test Functionality.</i></span><span style=\"font-size: 12px;\"></span></p>', '2022-08-16 11:59:26', '2022-08-16 11:59:26'),
(7, 'Test 3', 'This is a test resgion', '<p>This is just to test<br></p>', '2022-08-23 14:41:01', '2022-08-23 14:41:01'),
(8, 'Debajit Test', 'Testing 123', '<p>vdsgadgdfgfgfhgfagf</p>', '2022-08-26 07:48:04', '2022-08-26 07:48:04'),
(9, 'British colony', 'Loren epsum', NULL, '2022-08-26 14:23:59', '2022-08-26 14:23:59');

-- --------------------------------------------------------

--
-- Table structure for table `reports`
--

CREATE TABLE `reports` (
  `id` int UNSIGNED NOT NULL,
  `address` varchar(255) CHARACTER SET utf8mb4 COLLATE utf8mb4_unicode_ci DEFAULT NULL,
  `path` varchar(255) CHARACTER SET utf8mb4 COLLATE utf8mb4_unicode_ci DEFAULT NULL,
  `inspector_id` int UNSIGNED DEFAULT NULL,
  `created_at` timestamp NULL DEFAULT NULL,
  `updated_at` timestamp NULL DEFAULT NULL,
  `code` varchar(255) CHARACTER SET utf8mb4 COLLATE utf8mb4_unicode_ci NOT NULL,
  `date` timestamp NOT NULL
) ENGINE=InnoDB DEFAULT CHARSET=utf8mb4 COLLATE=utf8mb4_unicode_ci;

--
-- Dumping data for table `reports`
--

INSERT INTO `reports` (`id`, `address`, `path`, `inspector_id`, `created_at`, `updated_at`, `code`, `date`) VALUES
(1, 'Delhi', 'reports/11/A761F740-EC75-45E4-B73B-8B178B5DEDD0.pdf', 11, '2022-08-22 09:58:42', '2022-08-22 10:05:40', 'A761F740-EC75-45E4-B73B-8B178B5DEDD0', '2022-08-22 09:58:42'),
(2, 'frerthtr', 'reports/9/ADACDED6-3C63-4EDC-B256-C8AA986B59C9.pdf', 9, '2022-08-25 14:12:39', '2022-08-25 14:17:01', 'ADACDED6-3C63-4EDC-B256-C8AA986B59C9', '2022-08-25 14:12:39'),
(3, 'Huh', 'reports/10/3FE00F91-A692-4359-B126-4A5DA064F9A8.pdf', 10, '2022-08-26 07:42:17', '2022-08-26 07:52:06', '3FE00F91-A692-4359-B126-4A5DA064F9A8', '2022-08-26 07:42:17'),
(4, 'Fed', 'reports/10/3BDB56AE-01FF-49AC-8B02-A26F4C1724B0.pdf', 10, '2022-08-26 12:37:11', '2022-08-26 12:36:14', '3BDB56AE-01FF-49AC-8B02-A26F4C1724B0', '2022-08-26 12:37:11'),
(5, 'Bbb', 'reports/10/A57D4061-D072-42FA-BAF6-63145E616401.pdf', 10, '2022-08-26 12:43:48', '2022-08-26 12:44:11', 'A57D4061-D072-42FA-BAF6-63145E616401', '2022-08-26 12:43:48'),
(6, 'Ggg', 'reports/10/48959CD4-22B0-42EB-823F-5E8F45EB698D.pdf', 10, '2022-08-29 05:02:31', '2022-08-29 05:02:24', '48959CD4-22B0-42EB-823F-5E8F45EB698D', '2022-08-29 05:02:31'),
(7, 'delhi', 'reports/11/BEA35F29-F9D2-4D5A-A9C0-DDFCCD984781.pdf', 11, '2022-08-29 07:12:12', '2022-08-29 07:13:07', 'BEA35F29-F9D2-4D5A-A9C0-DDFCCD984781', '2022-08-29 07:12:12'),
(8, 'He', 'reports/10/B6E12238-4AAF-4813-8B91-231250B0D593.pdf', 10, '2022-08-29 07:32:40', '2022-08-29 08:08:34', 'B6E12238-4AAF-4813-8B91-231250B0D593', '2022-08-29 07:32:40'),
(9, 'delhi', 'reports/11/E20FCA29-21EC-4497-8902-5D018EAF3023.pdf', 11, '2022-08-29 07:48:51', '2022-08-29 07:50:31', 'E20FCA29-21EC-4497-8902-5D018EAF3023', '2022-08-29 07:48:51'),
(10, 'delhi', 'reports/11/800D2A43-2620-4524-A01B-EE24E4BE1CCB.pdf', 11, '2022-08-29 10:34:27', '2022-08-29 10:52:43', '800D2A43-2620-4524-A01B-EE24E4BE1CCB', '2022-08-29 10:34:27'),
(11, 'ABCD', 'reports/11/8419B7A4-8461-4720-A3C2-A7D33EE2DD76.pdf', 11, '2022-10-27 12:59:51', '2022-10-27 13:07:16', '8419B7A4-8461-4720-A3C2-A7D33EE2DD76', '2022-10-27 12:59:51'),
(12, 'abcd', 'reports/11/72326961-7BAE-4B9D-B571-8157EE99CDA2.pdf', 11, '2022-11-02 07:07:27', '2022-11-02 07:25:13', '72326961-7BAE-4B9D-B571-8157EE99CDA2', '2022-11-02 07:07:27'),
(13, 'Verve', 'reports/10/55D41AB8-5445-42A9-AE47-31C281298FBB.pdf', 10, '2022-11-07 04:40:03', '2022-11-07 04:41:53', '55D41AB8-5445-42A9-AE47-31C281298FBB', '2022-11-07 04:40:03'),
(14, 'ABCD', 'reports/11/7FA4B2BE-E599-40A7-941D-85F35DAB266E.pdf', 11, '2022-11-07 10:03:57', '2022-11-07 10:13:59', '7FA4B2BE-E599-40A7-941D-85F35DAB266E', '2022-11-07 10:03:57'),
(15, 'testt', 'reports/11/5EA37EE7-D1FE-4047-9637-48122F95A9EF.pdf', 11, '2022-11-09 13:17:08', '2022-11-09 13:22:02', '5EA37EE7-D1FE-4047-9637-48122F95A9EF', '2022-11-09 13:17:08'),
(16, 'delhi', 'reports/16/017199E9-72F4-4A32-A1A2-3C070F3C14AF.pdf', 16, '2022-11-22 14:43:41', '2022-11-22 14:44:51', '017199E9-72F4-4A32-A1A2-3C070F3C14AF', '2022-11-22 14:43:41'),
(17, 'Dgdfg', 'reports/11/3C4DCD93-4534-43DB-82D1-572515208CB1.pdf', 11, '2022-11-22 14:33:51', '2022-11-22 14:48:37', '3C4DCD93-4534-43DB-82D1-572515208CB1', '2022-11-22 14:33:51'),
(18, 'Hugh', 'reports/11/89368C17-A703-48B3-9F42-0150976E1B72.pdf', 11, '2022-11-23 10:51:36', '2022-11-23 20:20:41', '89368C17-A703-48B3-9F42-0150976E1B72', '2022-11-23 10:51:36'),
(19, 'Def', 'reports/11/C4182A33-9498-4DD1-89FA-DBE04ECFFAE3.pdf', 11, '2022-11-23 10:02:33', '2022-11-23 20:23:02', 'C4182A33-9498-4DD1-89FA-DBE04ECFFAE3', '2022-11-23 10:02:33'),
(20, 'Def', 'reports/11/626.pdf', 11, '2022-11-23 10:02:33', '2022-11-23 20:27:58', '626', '2022-11-23 10:02:33'),
(21, 'Mumbai', 'reports/11/8FBD9C86-4890-4E34-86BC-6F60644F415B.pdf', 11, '2022-11-20 06:30:36', '2022-11-28 09:14:44', '8FBD9C86-4890-4E34-86BC-6F60644F415B', '2022-11-20 06:30:36'),
(22, 'Mumbai', 'reports/11/F5454B5C-6E08-4D2B-BC9C-735E5DD38BBE.pdf', 11, '2022-11-20 06:30:36', '2022-11-28 09:16:02', 'F5454B5C-6E08-4D2B-BC9C-735E5DD38BBE', '2022-11-20 06:30:36'),
(23, 'Mumbai', 'reports/11/A9F45D1E-0D15-45A8-801C-10CE36A13D79.pdf', 11, '2022-11-20 06:30:36', '2022-11-28 09:18:39', 'A9F45D1E-0D15-45A8-801C-10CE36A13D79', '2022-11-20 06:30:36'),
(24, 'Edward', 'reports/11/599BDC32-C70A-43DB-8EBE-D83688B3C23C.pdf', 11, '2022-11-28 09:24:13', '2022-11-28 10:31:59', '599BDC32-C70A-43DB-8EBE-D83688B3C23C', '2022-11-28 09:24:13'),
(25, 'Def', 'reports/11/BA8859EE-07F6-49AB-9CF0-414646E79B1E.pdf', 11, '2022-11-28 09:45:37', '2022-11-28 10:35:13', 'BA8859EE-07F6-49AB-9CF0-414646E79B1E', '2022-11-28 09:45:37'),
(26, 'Edward', 'reports/11/35224D93-634B-4E29-A2DC-A809836D51CD.pdf', 11, '2022-11-28 09:24:13', '2022-11-28 11:12:05', '35224D93-634B-4E29-A2DC-A809836D51CD', '2022-11-28 09:24:13'),
(27, 'Def', 'reports/11/46E11849-2910-44DF-BCE8-9D72A98940D9.pdf', 11, '2022-11-28 09:45:37', '2022-11-28 12:06:13', '46E11849-2910-44DF-BCE8-9D72A98940D9', '2022-11-28 09:45:37'),
(28, 'Def', 'reports/11/7EFB999F-E926-4543-913A-72589A37CF5E.pdf', 11, '2022-11-28 09:45:37', '2022-11-28 12:06:32', '7EFB999F-E926-4543-913A-72589A37CF5E', '2022-11-28 09:45:37'),
(29, 'Edward', 'reports/11/5E22EFEC-29CD-4EDE-B07D-6A351F6A7B10.pdf', 11, '2022-11-28 09:24:13', '2022-11-28 12:09:30', '5E22EFEC-29CD-4EDE-B07D-6A351F6A7B10', '2022-11-28 09:24:13'),
(30, 'Def', 'reports/11/7A32640D-A1B5-4DF9-8464-2872548CADBF.pdf', 11, '2022-11-28 09:45:37', '2022-11-28 12:19:05', '7A32640D-A1B5-4DF9-8464-2872548CADBF', '2022-11-28 09:45:37'),
(31, 'Mumbai', 'reports/11/F60B55FA-C056-4DFE-BEB1-8CD0A187BD4F.pdf', 11, '2022-11-20 06:30:36', '2022-11-28 12:33:14', 'F60B55FA-C056-4DFE-BEB1-8CD0A187BD4F', '2022-11-20 06:30:36'),
(32, 'abc', 'reports/16/143ECE4D-2D28-4DAB-9B46-2E947855140E.pdf', 16, '2022-11-28 09:38:41', '2022-11-28 12:57:27', '143ECE4D-2D28-4DAB-9B46-2E947855140E', '2022-11-28 09:38:41'),
(33, 'new3', 'reports/16/A896678D-53AB-4889-B11D-3EDAA6F22E53.pdf', 16, '2022-11-28 10:10:27', '2022-11-28 12:59:41', 'A896678D-53AB-4889-B11D-3EDAA6F22E53', '2022-11-28 10:10:27'),
(34, 'Def', 'reports/11/FFE5A3FD-8798-4D03-9CE7-290BA39B1D54.pdf', 11, '2022-11-28 09:45:37', '2022-11-28 13:38:20', 'FFE5A3FD-8798-4D03-9CE7-290BA39B1D54', '2022-11-28 09:45:37'),
(35, 'test', 'reports/16/DCEC8AD8-18E1-44BC-A58D-085549DD8B1B.pdf', 16, '2022-11-28 10:21:17', '2022-11-29 04:26:42', 'DCEC8AD8-18E1-44BC-A58D-085549DD8B1B', '2022-11-28 10:21:17'),
(36, '1331 Arm St', 'reports/17/322C37D7-3E65-4594-94EB-D5547CDE8572.pdf', 17, '2022-12-02 14:02:18', '2022-12-02 17:24:46', '322C37D7-3E65-4594-94EB-D5547CDE8572', '2022-12-02 14:02:18'),
(37, 'Delhi', 'reports/16/D3195B6A-19A0-4B81-848A-F1C824BF4045.pdf', 16, '2022-12-19 15:18:10', '2022-12-19 16:15:04', 'D3195B6A-19A0-4B81-848A-F1C824BF4045', '2022-12-19 15:18:10'),
(38, 'Dad', 'reports/11/C9E1050D-36F2-4BE1-8E97-15D37C4F633C.pdf', 11, '2022-12-16 10:22:08', '2022-12-20 09:08:03', 'C9E1050D-36F2-4BE1-8E97-15D37C4F633C', '2022-12-16 10:22:08'),
(39, 'Delhi', 'reports/16/781FB7E2-5C50-4A7D-A5B7-456EC63C1AF2.pdf', 16, '2022-12-19 15:18:10', '2022-12-22 10:48:21', '781FB7E2-5C50-4A7D-A5B7-456EC63C1AF2', '2022-12-19 15:18:10'),
(40, 'Delhi', 'reports/16/98B4CA79-BFE7-4252-98E3-ED8AB8524703.pdf', 16, '2022-12-19 15:18:10', '2022-12-22 10:49:07', '98B4CA79-BFE7-4252-98E3-ED8AB8524703', '2022-12-19 15:18:10'),
(41, 'VICTORIA HOUSE', 'reports/17/2116207C-DBAE-4824-A0A2-6C0263F76FBB.pdf', 17, '2023-01-10 08:00:00', '2023-01-10 15:44:24', '2116207C-DBAE-4824-A0A2-6C0263F76FBB', '2023-01-10 08:00:00');

-- --------------------------------------------------------

--
-- Table structure for table `users`
--

CREATE TABLE `users` (
  `id` bigint UNSIGNED NOT NULL,
  `email` varchar(255) CHARACTER SET utf8mb4 COLLATE utf8mb4_unicode_ci NOT NULL,
  `email_verified_at` timestamp NULL DEFAULT NULL,
  `password` varchar(255) CHARACTER SET utf8mb4 COLLATE utf8mb4_unicode_ci NOT NULL,
  `remember_token` varchar(100) CHARACTER SET utf8mb4 COLLATE utf8mb4_unicode_ci DEFAULT NULL,
  `created_at` timestamp NULL DEFAULT NULL,
  `updated_at` timestamp NULL DEFAULT NULL,
  `avatar` varchar(255) CHARACTER SET utf8mb4 COLLATE utf8mb4_unicode_ci DEFAULT NULL,
  `first_name` varchar(255) CHARACTER SET utf8mb4 COLLATE utf8mb4_unicode_ci DEFAULT NULL,
  `last_name` varchar(255) CHARACTER SET utf8mb4 COLLATE utf8mb4_unicode_ci DEFAULT NULL,
  `phone` varchar(255) CHARACTER SET utf8mb4 COLLATE utf8mb4_unicode_ci DEFAULT NULL
) ENGINE=InnoDB DEFAULT CHARSET=utf8mb4 COLLATE=utf8mb4_unicode_ci;

--
-- Dumping data for table `users`
--

INSERT INTO `users` (`id`, `email`, `email_verified_at`, `password`, `remember_token`, `created_at`, `updated_at`, `avatar`, `first_name`, `last_name`, `phone`) VALUES
(3, 'admin@admin.com', '2022-04-19 06:04:25', '$2y$10$Bu9bwWtNL7AxsPo6Xa2fKOlVUdx8DBwtbHpiDEvX/2cUdJhKSZHRa', 'g2e4ge0bvQItkCauV2QGdoZ4sPdszull8ixX4QoA4xNCq5TXx9KnorUn8eDr', '2022-04-19 00:28:34', '2022-09-20 04:20:19', 'uploads/MrSHrILTyy5sEv7.png', 'Admin', 'User', NULL),
(4, 'superadmin@admin.com', NULL, '$2y$10$IBlFlYX.cJUJ5hiOGbBYNusU2SSIweyakGIj8gq7k9Ffp.RgIPo0O', NULL, '2022-05-19 06:47:49', '2022-05-19 06:47:49', NULL, 'Super', 'Admin', NULL);

--
-- Indexes for dumped tables
--

--
-- Indexes for table `answers`
--
ALTER TABLE `answers`
  ADD PRIMARY KEY (`id`),
  ADD KEY `client_id` (`client_id`),
  ADD KEY `question_id` (`question_id`),
  ADD KEY `sub_cat_id` (`sub_cat_id`),
  ADD KEY `cat_id` (`cat_id`),
  ADD KEY `inspector_id` (`inspector_id`);

--
-- Indexes for table `client_general_info`
--
ALTER TABLE `client_general_info`
  ADD PRIMARY KEY (`id`),
  ADD KEY `inspector_id` (`inspector_id`);

--
-- Indexes for table `comments`
--
ALTER TABLE `comments`
  ADD PRIMARY KEY (`id`),
  ADD KEY `sub_cat_id` (`sub_cat_id`),
  ADD KEY `client_id` (`client_id`),
  ADD KEY `inspector_id` (`inspector_id`);

--
-- Indexes for table `failed_jobs`
--
ALTER TABLE `failed_jobs`
  ADD PRIMARY KEY (`id`),
  ADD UNIQUE KEY `failed_jobs_uuid_unique` (`uuid`);

--
-- Indexes for table `form_categories`
--
ALTER TABLE `form_categories`
  ADD PRIMARY KEY (`id`);

--
-- Indexes for table `form_sub_categories`
--
ALTER TABLE `form_sub_categories`
  ADD PRIMARY KEY (`id`),
  ADD KEY `cat_id` (`cat_id`);

--
-- Indexes for table `images`
--
ALTER TABLE `images`
  ADD PRIMARY KEY (`id`),
  ADD KEY `sub_cat_id` (`sub_cat_id`),
  ADD KEY `client_id` (`client_id`);

--
-- Indexes for table `inspectors`
--
ALTER TABLE `inspectors`
  ADD PRIMARY KEY (`id`),
  ADD KEY `region_id` (`region_id`);

--
-- Indexes for table `migrations`
--
ALTER TABLE `migrations`
  ADD PRIMARY KEY (`id`);

--
-- Indexes for table `narratives`
--
ALTER TABLE `narratives`
  ADD PRIMARY KEY (`id`),
  ADD KEY `sub_cat_id` (`sub_cat_id`),
  ADD KEY `inspector_id` (`inspector_id`),
  ADD KEY `cat_id` (`cat_id`);

--
-- Indexes for table `password_resets`
--
ALTER TABLE `password_resets`
  ADD KEY `password_resets_email_index` (`email`);

--
-- Indexes for table `questions`
--
ALTER TABLE `questions`
  ADD PRIMARY KEY (`id`),
  ADD KEY `sub_cat_id` (`sub_cat_id`),
  ADD KEY `cat_id` (`cat_id`);

--
-- Indexes for table `regions`
--
ALTER TABLE `regions`
  ADD PRIMARY KEY (`id`);

--
-- Indexes for table `reports`
--
ALTER TABLE `reports`
  ADD PRIMARY KEY (`id`),
  ADD KEY `inspectors` (`inspector_id`);

--
-- Indexes for table `users`
--
ALTER TABLE `users`
  ADD PRIMARY KEY (`id`),
  ADD UNIQUE KEY `users_email_unique` (`email`);

--
-- AUTO_INCREMENT for dumped tables
--

--
-- AUTO_INCREMENT for table `answers`
--
ALTER TABLE `answers`
  MODIFY `id` int NOT NULL AUTO_INCREMENT, AUTO_INCREMENT=3748;

--
-- AUTO_INCREMENT for table `client_general_info`
--
ALTER TABLE `client_general_info`
  MODIFY `id` int NOT NULL AUTO_INCREMENT, AUTO_INCREMENT=1418;

--
-- AUTO_INCREMENT for table `comments`
--
ALTER TABLE `comments`
  MODIFY `id` int NOT NULL AUTO_INCREMENT, AUTO_INCREMENT=38;

--
-- AUTO_INCREMENT for table `failed_jobs`
--
ALTER TABLE `failed_jobs`
  MODIFY `id` bigint UNSIGNED NOT NULL AUTO_INCREMENT;

--
-- AUTO_INCREMENT for table `form_categories`
--
ALTER TABLE `form_categories`
  MODIFY `id` int NOT NULL AUTO_INCREMENT, AUTO_INCREMENT=12;

--
-- AUTO_INCREMENT for table `form_sub_categories`
--
ALTER TABLE `form_sub_categories`
  MODIFY `id` int NOT NULL AUTO_INCREMENT, AUTO_INCREMENT=38;

--
-- AUTO_INCREMENT for table `images`
--
ALTER TABLE `images`
  MODIFY `id` int NOT NULL AUTO_INCREMENT, AUTO_INCREMENT=28;

--
-- AUTO_INCREMENT for table `inspectors`
--
ALTER TABLE `inspectors`
  MODIFY `id` int UNSIGNED NOT NULL AUTO_INCREMENT, AUTO_INCREMENT=21;

--
-- AUTO_INCREMENT for table `migrations`
--
ALTER TABLE `migrations`
  MODIFY `id` int UNSIGNED NOT NULL AUTO_INCREMENT, AUTO_INCREMENT=6;

--
-- AUTO_INCREMENT for table `narratives`
--
ALTER TABLE `narratives`
  MODIFY `id` int NOT NULL AUTO_INCREMENT, AUTO_INCREMENT=23;

--
-- AUTO_INCREMENT for table `questions`
--
ALTER TABLE `questions`
  MODIFY `id` int NOT NULL AUTO_INCREMENT, AUTO_INCREMENT=183;

--
-- AUTO_INCREMENT for table `regions`
--
ALTER TABLE `regions`
  MODIFY `id` int UNSIGNED NOT NULL AUTO_INCREMENT, AUTO_INCREMENT=10;

--
-- AUTO_INCREMENT for table `reports`
--
ALTER TABLE `reports`
  MODIFY `id` int UNSIGNED NOT NULL AUTO_INCREMENT, AUTO_INCREMENT=42;

--
-- AUTO_INCREMENT for table `users`
--
ALTER TABLE `users`
  MODIFY `id` bigint UNSIGNED NOT NULL AUTO_INCREMENT, AUTO_INCREMENT=5;

--
-- Constraints for dumped tables
--

--
-- Constraints for table `answers`
--
ALTER TABLE `answers`
  ADD CONSTRAINT `answers_ibfk_2` FOREIGN KEY (`question_id`) REFERENCES `questions` (`id`),
  ADD CONSTRAINT `answers_ibfk_3` FOREIGN KEY (`sub_cat_id`) REFERENCES `form_sub_categories` (`id`),
  ADD CONSTRAINT `answers_ibfk_4` FOREIGN KEY (`cat_id`) REFERENCES `form_categories` (`id`),
  ADD CONSTRAINT `answers_ibfk_5` FOREIGN KEY (`inspector_id`) REFERENCES `inspectors` (`id`) ON DELETE RESTRICT ON UPDATE RESTRICT;

--
-- Constraints for table `client_general_info`
--
ALTER TABLE `client_general_info`
  ADD CONSTRAINT `client_general_info_ibfk_1` FOREIGN KEY (`inspector_id`) REFERENCES `inspectors` (`id`);

--
-- Constraints for table `comments`
--
ALTER TABLE `comments`
  ADD CONSTRAINT `comments_ibfk_1` FOREIGN KEY (`sub_cat_id`) REFERENCES `form_sub_categories` (`id`),
  ADD CONSTRAINT `comments_ibfk_2` FOREIGN KEY (`client_id`) REFERENCES `client_general_info` (`id`),
  ADD CONSTRAINT `comments_ibfk_3` FOREIGN KEY (`inspector_id`) REFERENCES `inspectors` (`id`) ON DELETE RESTRICT ON UPDATE RESTRICT;

--
-- Constraints for table `form_sub_categories`
--
ALTER TABLE `form_sub_categories`
  ADD CONSTRAINT `form_sub_categories_ibfk_1` FOREIGN KEY (`cat_id`) REFERENCES `form_categories` (`id`);

--
-- Constraints for table `images`
--
ALTER TABLE `images`
  ADD CONSTRAINT `images_ibfk_1` FOREIGN KEY (`sub_cat_id`) REFERENCES `form_sub_categories` (`id`),
  ADD CONSTRAINT `images_ibfk_2` FOREIGN KEY (`client_id`) REFERENCES `client_general_info` (`id`);

--
-- Constraints for table `inspectors`
--
ALTER TABLE `inspectors`
  ADD CONSTRAINT `inspectors_ibfk_1` FOREIGN KEY (`region_id`) REFERENCES `regions` (`id`) ON DELETE RESTRICT ON UPDATE RESTRICT;

--
-- Constraints for table `narratives`
--
ALTER TABLE `narratives`
  ADD CONSTRAINT `narratives_ibfk_1` FOREIGN KEY (`sub_cat_id`) REFERENCES `form_sub_categories` (`id`),
  ADD CONSTRAINT `narratives_ibfk_2` FOREIGN KEY (`inspector_id`) REFERENCES `inspectors` (`id`),
  ADD CONSTRAINT `narratives_ibfk_3` FOREIGN KEY (`cat_id`) REFERENCES `form_categories` (`id`) ON DELETE RESTRICT ON UPDATE RESTRICT;

--
-- Constraints for table `questions`
--
ALTER TABLE `questions`
  ADD CONSTRAINT `questions_ibfk_1` FOREIGN KEY (`sub_cat_id`) REFERENCES `form_sub_categories` (`id`),
  ADD CONSTRAINT `questions_ibfk_2` FOREIGN KEY (`cat_id`) REFERENCES `form_categories` (`id`) ON DELETE RESTRICT ON UPDATE RESTRICT;

--
-- Constraints for table `reports`
--
ALTER TABLE `reports`
  ADD CONSTRAINT `inspectors` FOREIGN KEY (`inspector_id`) REFERENCES `inspectors` (`id`) ON DELETE RESTRICT ON UPDATE RESTRICT;
COMMIT;

/*!40101 SET CHARACTER_SET_CLIENT=@OLD_CHARACTER_SET_CLIENT */;
/*!40101 SET CHARACTER_SET_RESULTS=@OLD_CHARACTER_SET_RESULTS */;
/*!40101 SET COLLATION_CONNECTION=@OLD_COLLATION_CONNECTION */;
